datum,veckodag,vecka,manad,kvartal,sasong,termin,lov,rod_dag,helgdag,skoldag,ar,dagar_till_lov,dagar_sedan_lov
2024-01-01,Måndag,1,1,1,Vinter,VT,,False,False,True,2024,,
2024-01-02,Tisdag,1,1,1,Vinter,VT,,False,False,True,2024,,
2024-01-03,Onsdag,1,1,1,Vinter,VT,,False,False,True,2024,,
2024-01-04,Torsdag,1,1,1,Vinter,VT,,False,False,True,2024,,
2024-01-05,Fredag,1,1,1,Vinter,VT,,False,False,True,2024,,
2024-01-06,Lördag,1,1,1,Vinter,VT,,False,True,False,2024,,
2024-01-07,Söndag,1,1,1,Vinter,VT,,False,True,False,2024,,
2024-01-08,Måndag,2,1,1,Vinter,VT,,False,False,True,2024,,
2024-01-09,Tisdag,2,1,1,Vinter,VT,,False,False,True,2024,,
2024-01-10,Onsdag,2,1,1,Vinter,VT,,False,False,True,2024,,
2024-01-11,Torsdag,2,1,1,Vinter,VT,,False,False,True,2024,,
2024-01-12,Fredag,2,1,1,Vinter,VT,,False,False,True,2024,,
2024-01-13,Lördag,2,1,1,Vinter,VT,,False,True,False,2024,,
2024-01-14,Söndag,2,1,1,Vinter,VT,,False,True,False,2024,,
2024-01-15,Måndag,3,1,1,Vinter,VT,,False,False,True,2024,,
2024-01-16,Tisdag,3,1,1,Vinter,VT,,False,False,True,2024,,
2024-01-17,Onsdag,3,1,1,Vinter,VT,,False,False,True,2024,,
2024-01-18,Torsdag,3,1,1,Vinter,VT,,False,False,True,2024,,
2024-01-19,Fredag,3,1,1,Vinter,VT,,False,False,True,2024,,
2024-01-20,Lördag,3,1,1,Vinter,VT,,False,True,False,2024,,
2024-01-21,Söndag,3,1,1,Vinter,VT,,False,True,False,2024,,
2024-01-22,Måndag,4,1,1,Vinter,VT,,False,False,True,2024,,
2024-01-23,Tisdag,4,1,1,Vinter,VT,,False,False,True,2024,,
2024-01-24,Onsdag,4,1,1,Vinter,VT,,False,False,True,2024,,
2024-01-25,Torsdag,4,1,1,Vinter,VT,,False,False,True,2024,,
2024-01-26,Fredag,4,1,1,Vinter,VT,,False,False,True,2024,,
2024-01-27,Lördag,4,1,1,Vinter,VT,,False,True,False,2024,,
2024-01-28,Söndag,4,1,1,Vinter,VT,,False,True,False,2024,,
2024-01-29,Måndag,5,1,1,Vinter,VT,,False,False,True,2024,,
2024-01-30,Tisdag,5,1,1,Vinter,VT,,False,False,True,2024,,
2024-01-31,Onsdag,5,1,1,Vinter,VT,,False,False,True,2024,,
2024-02-01,Torsdag,5,2,1,Vinter,VT,,False,False,True,2024,,
2024-02-02,Fredag,5,2,1,Vinter,VT,,False,False,True,2024,,
2024-02-03,Lördag,5,2,1,Vinter,VT,,False,True,False,2024,,
2024-02-04,Söndag,5,2,1,Vinter,VT,,False,True,False,2024,,
2024-02-05,Måndag,6,2,1,Vinter,VT,,False,False,True,2024,,
2024-02-06,Tisdag,6,2,1,Vinter,VT,,False,False,True,2024,,
2024-02-07,Onsdag,6,2,1,Vinter,VT,,False,False,True,2024,,
2024-02-08,Torsdag,6,2,1,Vinter,VT,,False,False,True,2024,,
2024-02-09,Fredag,6,2,1,Vinter,VT,,False,False,True,2024,,
2024-02-10,Lördag,6,2,1,Vinter,VT,,False,True,False,2024,,
2024-02-11,Söndag,6,2,1,Vinter,VT,,False,True,False,2024,,
2024-02-12,Måndag,7,2,1,Vinter,VT,,False,False,True,2024,,
2024-02-13,Tisdag,7,2,1,Vinter,VT,,False,False,True,2024,,
2024-02-14,Onsdag,7,2,1,Vinter,VT,,False,False,True,2024,,
2024-02-15,Torsdag,7,2,1,Vinter,VT,,False,False,True,2024,,
2024-02-16,Fredag,7,2,1,Vinter,VT,,False,False,True,2024,,
2024-02-17,Lördag,7,2,1,Vinter,VT,,False,True,False,2024,,
2024-02-18,Söndag,7,2,1,Vinter,VT,,False,True,False,2024,,
2024-02-19,Måndag,8,2,1,Vinter,VT,,False,False,True,2024,,
2024-02-20,Tisdag,8,2,1,Vinter,VT,,False,False,True,2024,,
2024-02-21,Onsdag,8,2,1,Vinter,VT,,False,False,True,2024,,
2024-02-22,Torsdag,8,2,1,Vinter,VT,,False,False,True,2024,,
2024-02-23,Fredag,8,2,1,Vinter,VT,,False,False,True,2024,,
2024-02-24,Lördag,8,2,1,Vinter,VT,,False,True,False,2024,,
2024-02-25,Söndag,8,2,1,Vinter,VT,,False,True,False,2024,,
2024-02-26,Måndag,9,2,1,Vinter,VT,,False,False,True,2024,,
2024-02-27,Tisdag,9,2,1,Vinter,VT,,False,False,True,2024,,
2024-02-28,Onsdag,9,2,1,Vinter,VT,,False,False,True,2024,,
2024-02-29,Torsdag,9,2,1,Vinter,VT,,False,False,True,2024,,
2024-03-01,Fredag,9,3,1,Vår,VT,,False,False,True,2024,,
2024-03-02,Lördag,9,3,1,Vår,VT,,False,True,False,2024,,
2024-03-03,Söndag,9,3,1,Vår,VT,,False,True,False,2024,,
2024-03-04,Måndag,10,3,1,Vår,VT,,False,False,True,2024,,
2024-03-05,Tisdag,10,3,1,Vår,VT,,False,False,True,2024,,
2024-03-06,Onsdag,10,3,1,Vår,VT,,False,False,True,2024,,
2024-03-07,Torsdag,10,3,1,Vår,VT,,False,False,True,2024,,
2024-03-08,Fredag,10,3,1,Vår,VT,,False,False,True,2024,,
2024-03-09,Lördag,10,3,1,Vår,VT,,False,True,False,2024,,
2024-03-10,Söndag,10,3,1,Vår,VT,,False,True,False,2024,,
2024-03-11,Måndag,11,3,1,Vår,VT,,False,False,True,2024,,
2024-03-12,Tisdag,11,3,1,Vår,VT,,False,False,True,2024,,
2024-03-13,Onsdag,11,3,1,Vår,VT,,False,False,True,2024,,
2024-03-14,Torsdag,11,3,1,Vår,VT,,False,False,True,2024,,
2024-03-15,Fredag,11,3,1,Vår,VT,,False,False,True,2024,,
2024-03-16,Lördag,11,3,1,Vår,VT,,False,True,False,2024,,
2024-03-17,Söndag,11,3,1,Vår,VT,,False,True,False,2024,,
2024-03-18,Måndag,12,3,1,Vår,VT,,False,False,True,2024,,
2024-03-19,Tisdag,12,3,1,Vår,VT,,False,False,True,2024,,
2024-03-20,Onsdag,12,3,1,Vår,VT,,False,False,True,2024,,
2024-03-21,Torsdag,12,3,1,Vår,VT,,False,False,True,2024,,
2024-03-22,Fredag,12,3,1,Vår,VT,,False,False,True,2024,,
2024-03-23,Lördag,12,3,1,Vår,VT,,False,True,False,2024,,
2024-03-24,Söndag,12,3,1,Vår,VT,,False,True,False,2024,,
2024-03-25,Måndag,13,3,1,Vår,VT,,False,False,True,2024,,
2024-03-26,Tisdag,13,3,1,Vår,VT,,False,False,True,2024,,
2024-03-27,Onsdag,13,3,1,Vår,VT,,False,False,True,2024,,
2024-03-28,Torsdag,13,3,1,Vår,VT,,False,False,True,2024,,
2024-03-29,Fredag,13,3,1,Vår,VT,,False,False,True,2024,,
2024-03-30,Lördag,13,3,1,Vår,VT,,False,True,False,2024,,
2024-03-31,Söndag,13,3,1,Vår,VT,,False,True,False,2024,,
2024-04-01,Måndag,14,4,2,Vår,VT,,False,False,True,2024,,
2024-04-02,Tisdag,14,4,2,Vår,VT,,False,False,True,2024,,
2024-04-03,Onsdag,14,4,2,Vår,VT,,False,False,True,2024,,
2024-04-04,Torsdag,14,4,2,Vår,VT,,False,False,True,2024,,
2024-04-05,Fredag,14,4,2,Vår,VT,,False,False,True,2024,,
2024-04-06,Lördag,14,4,2,Vår,VT,,False,True,False,2024,,
2024-04-07,Söndag,14,4,2,Vår,VT,,False,True,False,2024,,
2024-04-08,Måndag,15,4,2,Vår,VT,,False,False,True,2024,,
2024-04-09,Tisdag,15,4,2,Vår,VT,,False,False,True,2024,,
2024-04-10,Onsdag,15,4,2,Vår,VT,,False,False,True,2024,,
2024-04-11,Torsdag,15,4,2,Vår,VT,,False,False,True,2024,,
2024-04-12,Fredag,15,4,2,Vår,VT,,False,False,True,2024,,
2024-04-13,Lördag,15,4,2,Vår,VT,,False,True,False,2024,,
2024-04-14,Söndag,15,4,2,Vår,VT,,False,True,False,2024,,
2024-04-15,Måndag,16,4,2,Vår,VT,,False,False,True,2024,,
2024-04-16,Tisdag,16,4,2,Vår,VT,,False,False,True,2024,,
2024-04-17,Onsdag,16,4,2,Vår,VT,,False,False,True,2024,,
2024-04-18,Torsdag,16,4,2,Vår,VT,,False,False,True,2024,,
2024-04-19,Fredag,16,4,2,Vår,VT,,False,False,True,2024,,
2024-04-20,Lördag,16,4,2,Vår,VT,,False,True,False,2024,,
2024-04-21,Söndag,16,4,2,Vår,VT,,False,True,False,2024,,
2024-04-22,Måndag,17,4,2,Vår,VT,,False,False,True,2024,,
2024-04-23,Tisdag,17,4,2,Vår,VT,,False,False,True,2024,,
2024-04-24,Onsdag,17,4,2,Vår,VT,,False,False,True,2024,,
2024-04-25,Torsdag,17,4,2,Vår,VT,,False,False,True,2024,,
2024-04-26,Fredag,17,4,2,Vår,VT,,False,False,True,2024,,
2024-04-27,Lördag,17,4,2,Vår,VT,,False,True,False,2024,,
2024-04-28,Söndag,17,4,2,Vår,VT,,False,True,False,2024,,
2024-04-29,Måndag,18,4,2,Vår,VT,,False,False,True,2024,,
2024-04-30,Tisdag,18,4,2,Vår,VT,,False,False,True,2024,,
2024-05-01,Onsdag,18,5,2,Vår,VT,,False,False,True,2024,,
2024-05-02,Torsdag,18,5,2,Vår,VT,,False,False,True,2024,,
2024-05-03,Fredag,18,5,2,Vår,VT,,False,False,True,2024,,
2024-05-04,Lördag,18,5,2,Vår,VT,,False,True,False,2024,,
2024-05-05,Söndag,18,5,2,Vår,VT,,False,True,False,2024,,
2024-05-06,Måndag,19,5,2,Vår,VT,,False,False,True,2024,,
2024-05-07,Tisdag,19,5,2,Vår,VT,,False,False,True,2024,,
2024-05-08,Onsdag,19,5,2,Vår,VT,,False,False,True,2024,,
2024-05-09,Torsdag,19,5,2,Vår,VT,,False,False,True,2024,,
2024-05-10,Fredag,19,5,2,Vår,VT,,False,False,True,2024,,
2024-05-11,Lördag,19,5,2,Vår,VT,,False,True,False,2024,,
2024-05-12,Söndag,19,5,2,Vår,VT,,False,True,False,2024,,
2024-05-13,Måndag,20,5,2,Vår,VT,,False,False,True,2024,,
2024-05-14,Tisdag,20,5,2,Vår,VT,,False,False,True,2024,,
2024-05-15,Onsdag,20,5,2,Vår,VT,,False,False,True,2024,,
2024-05-16,Torsdag,20,5,2,Vår,VT,,False,False,True,2024,,
2024-05-17,Fredag,20,5,2,Vår,VT,,False,False,True,2024,,
2024-05-18,Lördag,20,5,2,Vår,VT,,False,True,False,2024,,
2024-05-19,Söndag,20,5,2,Vår,VT,,False,True,False,2024,,
2024-05-20,Måndag,21,5,2,Vår,VT,,False,False,True,2024,,
2024-05-21,Tisdag,21,5,2,Vår,VT,,False,False,True,2024,,
2024-05-22,Onsdag,21,5,2,Vår,VT,,False,False,True,2024,,
2024-05-23,Torsdag,21,5,2,Vår,VT,,False,False,True,2024,,
2024-05-24,Fredag,21,5,2,Vår,VT,,False,False,True,2024,,
2024-05-25,Lördag,21,5,2,Vår,VT,,False,True,False,2024,,
2024-05-26,Söndag,21,5,2,Vår,VT,,False,True,False,2024,,
2024-05-27,Måndag,22,5,2,Vår,VT,,False,False,True,2024,,
2024-05-28,Tisdag,22,5,2,Vår,VT,,False,False,True,2024,,
2024-05-29,Onsdag,22,5,2,Vår,VT,,False,False,True,2024,,
2024-05-30,Torsdag,22,5,2,Vår,VT,,False,False,True,2024,,
2024-05-31,Fredag,22,5,2,Vår,VT,,False,False,True,2024,,
2024-06-01,Lördag,22,6,2,Sommar,VT,,False,True,False,2024,,
2024-06-02,Söndag,22,6,2,Sommar,VT,,False,True,False,2024,,
2024-06-03,Måndag,23,6,2,Sommar,VT,,False,False,True,2024,,
2024-06-04,Tisdag,23,6,2,Sommar,VT,,False,False,True,2024,,
2024-06-05,Onsdag,23,6,2,Sommar,VT,,False,False,True,2024,,
2024-06-06,Torsdag,23,6,2,Sommar,VT,,False,False,True,2024,,
2024-06-07,Fredag,23,6,2,Sommar,VT,,False,False,True,2024,,
2024-06-08,Lördag,23,6,2,Sommar,VT,,False,True,False,2024,,
2024-06-09,Söndag,23,6,2,Sommar,VT,,False,True,False,2024,,
2024-06-10,Måndag,24,6,2,Sommar,VT,,False,False,True,2024,,
2024-06-11,Tisdag,24,6,2,Sommar,VT,,False,False,True,2024,,
2024-06-12,Onsdag,24,6,2,Sommar,VT,,False,False,True,2024,,
2024-06-13,Torsdag,24,6,2,Sommar,VT,,False,False,True,2024,,
2024-06-14,Fredag,24,6,2,Sommar,VT,,False,False,True,2024,,
2024-06-15,Lördag,24,6,2,Sommar,VT,,False,True,False,2024,,
2024-06-16,Söndag,24,6,2,Sommar,VT,,False,True,False,2024,,
2024-06-17,Måndag,25,6,2,Sommar,VT,,False,False,True,2024,,
2024-06-18,Tisdag,25,6,2,Sommar,VT,,False,False,True,2024,,
2024-06-19,Onsdag,25,6,2,Sommar,VT,,False,False,True,2024,,
2024-06-20,Torsdag,25,6,2,Sommar,VT,,False,False,True,2024,,
2024-06-21,Fredag,25,6,2,Sommar,VT,,False,False,True,2024,,
2024-06-22,Lördag,25,6,2,Sommar,VT,,False,True,False,2024,,
2024-06-23,Söndag,25,6,2,Sommar,VT,,False,True,False,2024,,
2024-06-24,Måndag,26,6,2,Sommar,VT,,False,False,True,2024,,
2024-06-25,Tisdag,26,6,2,Sommar,VT,,False,False,True,2024,,
2024-06-26,Onsdag,26,6,2,Sommar,VT,,False,False,True,2024,,
2024-06-27,Torsdag,26,6,2,Sommar,VT,,False,False,True,2024,,
2024-06-28,Fredag,26,6,2,Sommar,VT,,False,False,True,2024,,
2024-06-29,Lördag,26,6,2,Sommar,VT,,False,True,False,2024,,
2024-06-30,Söndag,26,6,2,Sommar,VT,,False,True,False,2024,,
2024-07-01,Måndag,27,7,3,Sommar,Sommarlov,,False,False,True,2024,,
2024-07-02,Tisdag,27,7,3,Sommar,Sommarlov,,False,False,True,2024,,
2024-07-03,Onsdag,27,7,3,Sommar,Sommarlov,,False,False,True,2024,,
2024-07-04,Torsdag,27,7,3,Sommar,Sommarlov,,False,False,True,2024,,
2024-07-05,Fredag,27,7,3,Sommar,Sommarlov,,False,False,True,2024,,
2024-07-06,Lördag,27,7,3,Sommar,Sommarlov,,False,True,False,2024,,
2024-07-07,Söndag,27,7,3,Sommar,Sommarlov,,False,True,False,2024,,
2024-07-08,Måndag,28,7,3,Sommar,Sommarlov,,False,False,True,2024,,
2024-07-09,Tisdag,28,7,3,Sommar,Sommarlov,,False,False,True,2024,,
2024-07-10,Onsdag,28,7,3,Sommar,Sommarlov,,False,False,True,2024,,
2024-07-11,Torsdag,28,7,3,Sommar,Sommarlov,,False,False,True,2024,,
2024-07-12,Fredag,28,7,3,Sommar,Sommarlov,,False,False,True,2024,,
2024-07-13,Lördag,28,7,3,Sommar,Sommarlov,,False,True,False,2024,,
2024-07-14,Söndag,28,7,3,Sommar,Sommarlov,,False,True,False,2024,,
2024-07-15,Måndag,29,7,3,Sommar,Sommarlov,,False,False,True,2024,,
2024-07-16,Tisdag,29,7,3,Sommar,Sommarlov,,False,False,True,2024,,
2024-07-17,Onsdag,29,7,3,Sommar,Sommarlov,,False,False,True,2024,,
2024-07-18,Torsdag,29,7,3,Sommar,Sommarlov,,False,False,True,2024,,
2024-07-19,Fredag,29,7,3,Sommar,Sommarlov,,False,False,True,2024,,
2024-07-20,Lördag,29,7,3,Sommar,Sommarlov,,False,True,False,2024,,
2024-07-21,Söndag,29,7,3,Sommar,Sommarlov,,False,True,False,2024,,
2024-07-22,Måndag,30,7,3,Sommar,Sommarlov,,False,False,True,2024,,
2024-07-23,Tisdag,30,7,3,Sommar,Sommarlov,,False,False,True,2024,,
2024-07-24,Onsdag,30,7,3,Sommar,Sommarlov,,False,False,True,2024,,
2024-07-25,Torsdag,30,7,3,Sommar,Sommarlov,,False,False,True,2024,,
2024-07-26,Fredag,30,7,3,Sommar,Sommarlov,,False,False,True,2024,,
2024-07-27,Lördag,30,7,3,Sommar,Sommarlov,,False,True,False,2024,,
2024-07-28,Söndag,30,7,3,Sommar,Sommarlov,,False,True,False,2024,,
2024-07-29,Måndag,31,7,3,Sommar,Sommarlov,,False,False,True,2024,,
2024-07-30,Tisdag,31,7,3,Sommar,Sommarlov,,False,False,True,2024,,
2024-07-31,Onsdag,31,7,3,Sommar,Sommarlov,,False,False,True,2024,,
2024-08-01,Torsdag,31,8,3,Sommar,HT,,False,False,True,2024,,
2024-08-02,Fredag,31,8,3,Sommar,HT,,False,False,True,2024,,
2024-08-03,Lördag,31,8,3,Sommar,HT,,False,True,False,2024,,
2024-08-04,Söndag,31,8,3,Sommar,HT,,False,True,False,2024,,
2024-08-05,Måndag,32,8,3,Sommar,HT,,False,False,True,2024,,
2024-08-06,Tisdag,32,8,3,Sommar,HT,,False,False,True,2024,,
2024-08-07,Onsdag,32,8,3,Sommar,HT,,False,False,True,2024,,
2024-08-08,Torsdag,32,8,3,Sommar,HT,,False,False,True,2024,,
2024-08-09,Fredag,32,8,3,Sommar,HT,,False,False,True,2024,,
2024-08-10,Lördag,32,8,3,Sommar,HT,,False,True,False,2024,,
2024-08-11,Söndag,32,8,3,Sommar,HT,,False,True,False,2024,,
2024-08-12,Måndag,33,8,3,Sommar,HT,,False,False,True,2024,,
2024-08-13,Tisdag,33,8,3,Sommar,HT,,False,False,True,2024,,
2024-08-14,Onsdag,33,8,3,Sommar,HT,,False,False,True,2024,,
2024-08-15,Torsdag,33,8,3,Sommar,HT,,False,False,True,2024,,
2024-08-16,Fredag,33,8,3,Sommar,HT,,False,False,True,2024,,
2024-08-17,Lördag,33,8,3,Sommar,HT,,False,True,False,2024,,
2024-08-18,Söndag,33,8,3,Sommar,HT,,False,True,False,2024,,
2024-08-19,Måndag,34,8,3,Sommar,HT,,False,False,True,2024,,
2024-08-20,Tisdag,34,8,3,Sommar,HT,,False,False,True,2024,,
2024-08-21,Onsdag,34,8,3,Sommar,HT,,False,False,True,2024,,
2024-08-22,Torsdag,34,8,3,Sommar,HT,,False,False,True,2024,,
2024-08-23,Fredag,34,8,3,Sommar,HT,,False,False,True,2024,,
2024-08-24,Lördag,34,8,3,Sommar,HT,,False,True,False,2024,,
2024-08-25,Söndag,34,8,3,Sommar,HT,,False,True,False,2024,,
2024-08-26,Måndag,35,8,3,Sommar,HT,,False,False,True,2024,,
2024-08-27,Tisdag,35,8,3,Sommar,HT,,False,False,True,2024,,
2024-08-28,Onsdag,35,8,3,Sommar,HT,,False,False,True,2024,,
2024-08-29,Torsdag,35,8,3,Sommar,HT,,False,False,True,2024,,
2024-08-30,Fredag,35,8,3,Sommar,HT,,False,False,True,2024,,
2024-08-31,Lördag,35,8,3,Sommar,HT,,False,True,False,2024,,
2024-09-01,Söndag,35,9,3,Höst,HT,,False,True,False,2024,,
2024-09-02,Måndag,36,9,3,Höst,HT,,False,False,True,2024,,
2024-09-03,Tisdag,36,9,3,Höst,HT,,False,False,True,2024,,
2024-09-04,Onsdag,36,9,3,Höst,HT,,False,False,True,2024,,
2024-09-05,Torsdag,36,9,3,Höst,HT,,False,False,True,2024,,
2024-09-06,Fredag,36,9,3,Höst,HT,,False,False,True,2024,,
2024-09-07,Lördag,36,9,3,Höst,HT,,False,True,False,2024,,
2024-09-08,Söndag,36,9,3,Höst,HT,,False,True,False,2024,,
2024-09-09,Måndag,37,9,3,Höst,HT,,False,False,True,2024,,
2024-09-10,Tisdag,37,9,3,Höst,HT,,False,False,True,2024,,
2024-09-11,Onsdag,37,9,3,Höst,HT,,False,False,True,2024,,
2024-09-12,Torsdag,37,9,3,Höst,HT,,False,False,True,2024,,
2024-09-13,Fredag,37,9,3,Höst,HT,,False,False,True,2024,,
2024-09-14,Lördag,37,9,3,Höst,HT,,False,True,False,2024,,
2024-09-15,Söndag,37,9,3,Höst,HT,,False,True,False,2024,,
2024-09-16,Måndag,38,9,3,Höst,HT,,False,False,True,2024,,
2024-09-17,Tisdag,38,9,3,Höst,HT,,False,False,True,2024,,
2024-09-18,Onsdag,38,9,3,Höst,HT,,False,False,True,2024,,
2024-09-19,Torsdag,38,9,3,Höst,HT,,False,False,True,2024,,
2024-09-20,Fredag,38,9,3,Höst,HT,,False,False,True,2024,,
2024-09-21,Lördag,38,9,3,Höst,HT,,False,True,False,2024,,
2024-09-22,Söndag,38,9,3,Höst,HT,,False,True,False,2024,,
2024-09-23,Måndag,39,9,3,Höst,HT,,False,False,True,2024,,
2024-09-24,Tisdag,39,9,3,Höst,HT,,False,False,True,2024,,
2024-09-25,Onsdag,39,9,3,Höst,HT,,False,False,True,2024,,
2024-09-26,Torsdag,39,9,3,Höst,HT,,False,False,True,2024,,
2024-09-27,Fredag,39,9,3,Höst,HT,,False,False,True,2024,,
2024-09-28,Lördag,39,9,3,Höst,HT,,False,True,False,2024,,
2024-09-29,Söndag,39,9,3,Höst,HT,,False,True,False,2024,,
2024-09-30,Måndag,40,9,3,Höst,HT,,False,False,True,2024,,
2024-10-01,Tisdag,40,10,4,Höst,HT,,False,False,True,2024,,
2024-10-02,Onsdag,40,10,4,Höst,HT,,False,False,True,2024,,
2024-10-03,Torsdag,40,10,4,Höst,HT,,False,False,True,2024,,
2024-10-04,Fredag,40,10,4,Höst,HT,,False,False,True,2024,,
2024-10-05,Lördag,40,10,4,Höst,HT,,False,True,False,2024,,
2024-10-06,Söndag,40,10,4,Höst,HT,,False,True,False,2024,,
2024-10-07,Måndag,41,10,4,Höst,HT,,False,False,True,2024,,
2024-10-08,Tisdag,41,10,4,Höst,HT,,False,False,True,2024,,
2024-10-09,Onsdag,41,10,4,Höst,HT,,False,False,True,2024,,
2024-10-10,Torsdag,41,10,4,Höst,HT,,False,False,True,2024,,
2024-10-11,Fredag,41,10,4,Höst,HT,,False,False,True,2024,,
2024-10-12,Lördag,41,10,4,Höst,HT,,False,True,False,2024,,
2024-10-13,Söndag,41,10,4,Höst,HT,,False,True,False,2024,,
2024-10-14,Måndag,42,10,4,Höst,HT,,False,False,True,2024,,
2024-10-15,Tisdag,42,10,4,Höst,HT,,False,False,True,2024,,
2024-10-16,Onsdag,42,10,4,Höst,HT,,False,False,True,2024,,
2024-10-17,Torsdag,42,10,4,Höst,HT,,False,False,True,2024,,
2024-10-18,Fredag,42,10,4,Höst,HT,,False,False,True,2024,,
2024-10-19,Lördag,42,10,4,Höst,HT,,False,True,False,2024,,
2024-10-20,Söndag,42,10,4,Höst,HT,,False,True,False,2024,,
2024-10-21,Måndag,43,10,4,Höst,HT,,False,False,True,2024,,
2024-10-22,Tisdag,43,10,4,Höst,HT,,False,False,True,2024,,
2024-10-23,Onsdag,43,10,4,Höst,HT,,False,False,True,2024,59.0,
2024-10-24,Torsdag,43,10,4,Höst,HT,,False,False,True,2024,58.0,
2024-10-25,Fredag,43,10,4,Höst,HT,,False,False,True,2024,57.0,
2024-10-26,Lördag,43,10,4,Höst,HT,,False,True,False,2024,56.0,
2024-10-27,Söndag,43,10,4,Höst,HT,,False,True,False,2024,55.0,
2024-10-28,Måndag,44,10,4,Höst,HT,,False,False,True,2024,54.0,
2024-10-29,Tisdag,44,10,4,Höst,HT,,False,False,True,2024,53.0,
2024-10-30,Onsdag,44,10,4,Höst,HT,,False,False,True,2024,52.0,
2024-10-31,Torsdag,44,10,4,Höst,HT,,False,False,True,2024,51.0,
2024-11-01,Fredag,44,11,4,Höst,HT,,False,False,True,2024,50.0,
2024-11-02,Lördag,44,11,4,Höst,HT,,False,True,False,2024,49.0,
2024-11-03,Söndag,44,11,4,Höst,HT,,False,True,False,2024,48.0,
2024-11-04,Måndag,45,11,4,Höst,HT,,False,False,True,2024,47.0,
2024-11-05,Tisdag,45,11,4,Höst,HT,,False,False,True,2024,46.0,
2024-11-06,Onsdag,45,11,4,Höst,HT,,False,False,True,2024,45.0,
2024-11-07,Torsdag,45,11,4,Höst,HT,,False,False,True,2024,44.0,
2024-11-08,Fredag,45,11,4,Höst,HT,,False,False,True,2024,43.0,
2024-11-09,Lördag,45,11,4,Höst,HT,,False,True,False,2024,42.0,
2024-11-10,Söndag,45,11,4,Höst,HT,,False,True,False,2024,41.0,
2024-11-11,Måndag,46,11,4,Höst,HT,,False,False,True,2024,40.0,
2024-11-12,Tisdag,46,11,4,Höst,HT,,False,False,True,2024,39.0,
2024-11-13,Onsdag,46,11,4,Höst,HT,,False,False,True,2024,38.0,
2024-11-14,Torsdag,46,11,4,Höst,HT,,False,False,True,2024,37.0,
2024-11-15,Fredag,46,11,4,Höst,HT,,False,False,True,2024,36.0,
2024-11-16,Lördag,46,11,4,Höst,HT,,False,True,False,2024,35.0,
2024-11-17,Söndag,46,11,4,Höst,HT,,False,True,False,2024,34.0,
2024-11-18,Måndag,47,11,4,Höst,HT,,False,False,True,2024,33.0,
2024-11-19,Tisdag,47,11,4,Höst,HT,,False,False,True,2024,32.0,
2024-11-20,Onsdag,47,11,4,Höst,HT,,False,False,True,2024,31.0,
2024-11-21,Torsdag,47,11,4,Höst,HT,,False,False,True,2024,30.0,
2024-11-22,Fredag,47,11,4,Höst,HT,,False,False,True,2024,29.0,
2024-11-23,Lördag,47,11,4,Höst,HT,,False,True,False,2024,28.0,
2024-11-24,Söndag,47,11,4,Höst,HT,,False,True,False,2024,27.0,
2024-11-25,Måndag,48,11,4,Höst,HT,,False,False,True,2024,26.0,
2024-11-26,Tisdag,48,11,4,Höst,HT,,False,False,True,2024,25.0,
2024-11-27,Onsdag,48,11,4,Höst,HT,,False,False,True,2024,24.0,
2024-11-28,Torsdag,48,11,4,Höst,HT,,False,False,True,2024,23.0,
2024-11-29,Fredag,48,11,4,Höst,HT,,False,False,True,2024,22.0,
2024-11-30,Lördag,48,11,4,Höst,HT,,False,True,False,2024,21.0,
2024-12-01,Söndag,48,12,4,Vinter,HT,,False,True,False,2024,20.0,
2024-12-02,Måndag,49,12,4,Vinter,HT,,False,False,True,2024,19.0,
2024-12-03,Tisdag,49,12,4,Vinter,HT,,False,False,True,2024,18.0,
2024-12-04,Onsdag,49,12,4,Vinter,HT,,False,False,True,2024,17.0,
2024-12-05,Torsdag,49,12,4,Vinter,HT,,False,False,True,2024,16.0,
2024-12-06,Fredag,49,12,4,Vinter,HT,,False,False,True,2024,15.0,
2024-12-07,Lördag,49,12,4,Vinter,HT,,False,True,False,2024,14.0,
2024-12-08,Söndag,49,12,4,Vinter,HT,,False,True,False,2024,13.0,
2024-12-09,Måndag,50,12,4,Vinter,HT,,False,False,True,2024,12.0,
2024-12-10,Tisdag,50,12,4,Vinter,HT,,False,False,True,2024,11.0,
2024-12-11,Onsdag,50,12,4,Vinter,HT,,False,False,True,2024,10.0,
2024-12-12,Torsdag,50,12,4,Vinter,HT,,False,False,True,2024,9.0,
2024-12-13,Fredag,50,12,4,Vinter,HT,,False,False,True,2024,8.0,
2024-12-14,Lördag,50,12,4,Vinter,HT,,False,True,False,2024,7.0,
2024-12-15,Söndag,50,12,4,Vinter,HT,,False,True,False,2024,6.0,
2024-12-16,Måndag,51,12,4,Vinter,HT,,False,False,True,2024,5.0,
2024-12-17,Tisdag,51,12,4,Vinter,HT,,False,False,True,2024,4.0,
2024-12-18,Onsdag,51,12,4,Vinter,HT,,False,False,True,2024,3.0,
2024-12-19,Torsdag,51,12,4,Vinter,HT,,False,False,True,2024,2.0,
2024-12-20,Fredag,51,12,4,Vinter,HT,,False,False,True,2024,1.0,
2024-12-21,Lördag,51,12,4,Vinter,HT,Jullov,False,True,False,2024,1.0,
2024-12-22,Söndag,51,12,4,Vinter,HT,Jullov,False,True,False,2024,1.0,1.0
2024-12-23,Måndag,52,12,4,Vinter,HT,Jullov,False,False,False,2024,1.0,1.0
2024-12-24,Tisdag,52,12,4,Vinter,HT,Jullov,False,False,False,2024,1.0,1.0
2024-12-25,Onsdag,52,12,4,Vinter,HT,Jullov,False,False,False,2024,1.0,1.0
2024-12-26,Torsdag,52,12,4,Vinter,HT,Jullov,False,False,False,2024,1.0,1.0
2024-12-27,Fredag,52,12,4,Vinter,HT,Jullov,False,False,False,2024,1.0,1.0
2024-12-28,Lördag,52,12,4,Vinter,HT,Jullov,False,True,False,2024,1.0,1.0
2024-12-29,Söndag,52,12,4,Vinter,HT,Jullov,False,True,False,2024,1.0,1.0
2024-12-30,Måndag,1,12,4,Vinter,HT,Jullov,False,False,False,2024,1.0,1.0
2024-12-31,Tisdag,1,12,4,Vinter,HT,Jullov,False,False,False,2024,1.0,1.0
2025-01-01,Onsdag,1,1,1,Vinter,VT,Jullov,True,False,False,2025,1.0,1.0
2025-01-02,Torsdag,1,1,1,Vinter,VT,Jullov,False,False,False,2025,1.0,1.0
2025-01-03,Fredag,1,1,1,Vinter,VT,Jullov,False,False,False,2025,1.0,1.0
2025-01-04,Lördag,1,1,1,Vinter,VT,Jullov,False,True,False,2025,1.0,1.0
2025-01-05,Söndag,1,1,1,Vinter,VT,Jullov,False,True,False,2025,1.0,1.0
2025-01-06,Måndag,2,1,1,Vinter,VT,Jullov,True,False,False,2025,1.0,1.0
2025-01-07,Tisdag,2,1,1,Vinter,VT,Jullov,False,False,False,2025,41.0,1.0
2025-01-08,Onsdag,2,1,1,Vinter,VT,,False,False,True,2025,40.0,1.0
2025-01-09,Torsdag,2,1,1,Vinter,VT,,False,False,True,2025,39.0,2.0
2025-01-10,Fredag,2,1,1,Vinter,VT,,False,False,True,2025,38.0,3.0
2025-01-11,Lördag,2,1,1,Vinter,VT,,False,True,False,2025,37.0,4.0
2025-01-12,Söndag,2,1,1,Vinter,VT,,False,True,False,2025,36.0,5.0
2025-01-13,Måndag,3,1,1,Vinter,VT,,False,False,True,2025,35.0,6.0
2025-01-14,Tisdag,3,1,1,Vinter,VT,,False,False,True,2025,34.0,7.0
2025-01-15,Onsdag,3,1,1,Vinter,VT,,False,False,True,2025,33.0,8.0
2025-01-16,Torsdag,3,1,1,Vinter,VT,,False,False,True,2025,32.0,9.0
2025-01-17,Fredag,3,1,1,Vinter,VT,,False,False,True,2025,31.0,10.0
2025-01-18,Lördag,3,1,1,Vinter,VT,,False,True,False,2025,30.0,11.0
2025-01-19,Söndag,3,1,1,Vinter,VT,,False,True,False,2025,29.0,12.0
2025-01-20,Måndag,4,1,1,Vinter,VT,,False,False,True,2025,28.0,13.0
2025-01-21,Tisdag,4,1,1,Vinter,VT,,False,False,True,2025,27.0,14.0
2025-01-22,Onsdag,4,1,1,Vinter,VT,,False,False,True,2025,26.0,15.0
2025-01-23,Torsdag,4,1,1,Vinter,VT,,False,False,True,2025,25.0,16.0
2025-01-24,Fredag,4,1,1,Vinter,VT,,False,False,True,2025,24.0,17.0
2025-01-25,Lördag,4,1,1,Vinter,VT,,False,True,False,2025,23.0,18.0
2025-01-26,Söndag,4,1,1,Vinter,VT,,False,True,False,2025,22.0,19.0
2025-01-27,Måndag,5,1,1,Vinter,VT,,False,False,True,2025,21.0,20.0
2025-01-28,Tisdag,5,1,1,Vinter,VT,,False,False,True,2025,20.0,21.0
2025-01-29,Onsdag,5,1,1,Vinter,VT,,False,False,True,2025,19.0,22.0
2025-01-30,Torsdag,5,1,1,Vinter,VT,,False,False,True,2025,18.0,23.0
2025-01-31,Fredag,5,1,1,Vinter,VT,,False,False,True,2025,17.0,24.0
2025-02-01,Lördag,5,2,1,Vinter,VT,,False,True,False,2025,16.0,25.0
2025-02-02,Söndag,5,2,1,Vinter,VT,,False,True,False,2025,15.0,26.0
2025-02-03,Måndag,6,2,1,Vinter,VT,,False,False,True,2025,14.0,27.0
2025-02-04,Tisdag,6,2,1,Vinter,VT,,False,False,True,2025,13.0,28.0
2025-02-05,Onsdag,6,2,1,Vinter,VT,,False,False,True,2025,12.0,29.0
2025-02-06,Torsdag,6,2,1,Vinter,VT,,False,False,True,2025,11.0,30.0
2025-02-07,Fredag,6,2,1,Vinter,VT,,False,False,True,2025,10.0,31.0
2025-02-08,Lördag,6,2,1,Vinter,VT,,False,True,False,2025,9.0,32.0
2025-02-09,Söndag,6,2,1,Vinter,VT,,False,True,False,2025,8.0,33.0
2025-02-10,Måndag,7,2,1,Vinter,VT,,False,False,True,2025,7.0,34.0
2025-02-11,Tisdag,7,2,1,Vinter,VT,,False,False,True,2025,6.0,35.0
2025-02-12,Onsdag,7,2,1,Vinter,VT,,False,False,True,2025,5.0,36.0
2025-02-13,Torsdag,7,2,1,Vinter,VT,,False,False,True,2025,4.0,37.0
2025-02-14,Fredag,7,2,1,Vinter,VT,,False,False,True,2025,3.0,38.0
2025-02-15,Lördag,7,2,1,Vinter,VT,,False,True,False,2025,2.0,39.0
2025-02-16,Söndag,7,2,1,Vinter,VT,,False,True,False,2025,1.0,40.0
2025-02-17,Måndag,8,2,1,Vinter,VT,Sportlov,False,False,False,2025,1.0,41.0
2025-02-18,Tisdag,8,2,1,Vinter,VT,Sportlov,False,False,False,2025,1.0,1.0
2025-02-19,Onsdag,8,2,1,Vinter,VT,Sportlov,False,False,False,2025,1.0,1.0
2025-02-20,Torsdag,8,2,1,Vinter,VT,Sportlov,False,False,False,2025,1.0,1.0
2025-02-21,Fredag,8,2,1,Vinter,VT,Sportlov,False,False,False,2025,52.0,1.0
2025-02-22,Lördag,8,2,1,Vinter,VT,,False,True,False,2025,51.0,1.0
2025-02-23,Söndag,8,2,1,Vinter,VT,,False,True,False,2025,50.0,2.0
2025-02-24,Måndag,9,2,1,Vinter,VT,,False,False,True,2025,49.0,3.0
2025-02-25,Tisdag,9,2,1,Vinter,VT,,False,False,True,2025,48.0,4.0
2025-02-26,Onsdag,9,2,1,Vinter,VT,,False,False,True,2025,47.0,5.0
2025-02-27,Torsdag,9,2,1,Vinter,VT,,False,False,True,2025,46.0,6.0
2025-02-28,Fredag,9,2,1,Vinter,VT,,False,False,True,2025,45.0,7.0
2025-03-01,Lördag,9,3,1,Vår,VT,,False,True,False,2025,44.0,8.0
2025-03-02,Söndag,9,3,1,Vår,VT,,False,True,False,2025,43.0,9.0
2025-03-03,Måndag,10,3,1,Vår,VT,,False,False,True,2025,42.0,10.0
2025-03-04,Tisdag,10,3,1,Vår,VT,,False,False,True,2025,41.0,11.0
2025-03-05,Onsdag,10,3,1,Vår,VT,,False,False,True,2025,40.0,12.0
2025-03-06,Torsdag,10,3,1,Vår,VT,,False,False,True,2025,39.0,13.0
2025-03-07,Fredag,10,3,1,Vår,VT,,False,False,True,2025,38.0,14.0
2025-03-08,Lördag,10,3,1,Vår,VT,,False,True,False,2025,37.0,15.0
2025-03-09,Söndag,10,3,1,Vår,VT,,False,True,False,2025,36.0,16.0
2025-03-10,Måndag,11,3,1,Vår,VT,,False,False,True,2025,35.0,17.0
2025-03-11,Tisdag,11,3,1,Vår,VT,,False,False,True,2025,34.0,18.0
2025-03-12,Onsdag,11,3,1,Vår,VT,,False,False,True,2025,33.0,19.0
2025-03-13,Torsdag,11,3,1,Vår,VT,,False,False,True,2025,32.0,20.0
2025-03-14,Fredag,11,3,1,Vår,VT,,False,False,True,2025,31.0,21.0
2025-03-15,Lördag,11,3,1,Vår,VT,,False,True,False,2025,30.0,22.0
2025-03-16,Söndag,11,3,1,Vår,VT,,False,True,False,2025,29.0,23.0
2025-03-17,Måndag,12,3,1,Vår,VT,,False,False,True,2025,28.0,24.0
2025-03-18,Tisdag,12,3,1,Vår,VT,,False,False,True,2025,27.0,25.0
2025-03-19,Onsdag,12,3,1,Vår,VT,,False,False,True,2025,26.0,26.0
2025-03-20,Torsdag,12,3,1,Vår,VT,,False,False,True,2025,25.0,27.0
2025-03-21,Fredag,12,3,1,Vår,VT,,False,False,True,2025,24.0,28.0
2025-03-22,Lördag,12,3,1,Vår,VT,,False,True,False,2025,23.0,29.0
2025-03-23,Söndag,12,3,1,Vår,VT,,False,True,False,2025,22.0,30.0
2025-03-24,Måndag,13,3,1,Vår,VT,,False,False,True,2025,21.0,31.0
2025-03-25,Tisdag,13,3,1,Vår,VT,,False,False,True,2025,20.0,32.0
2025-03-26,Onsdag,13,3,1,Vår,VT,,False,False,True,2025,19.0,33.0
2025-03-27,Torsdag,13,3,1,Vår,VT,,False,False,True,2025,18.0,34.0
2025-03-28,Fredag,13,3,1,Vår,VT,,False,False,True,2025,17.0,35.0
2025-03-29,Lördag,13,3,1,Vår,VT,,False,True,False,2025,16.0,36.0
2025-03-30,Söndag,13,3,1,Vår,VT,,False,True,False,2025,15.0,37.0
2025-03-31,Måndag,14,3,1,Vår,VT,,False,False,True,2025,14.0,38.0
2025-04-01,Tisdag,14,4,2,Vår,VT,,False,False,True,2025,13.0,39.0
2025-04-02,Onsdag,14,4,2,Vår,VT,,False,False,True,2025,12.0,40.0
2025-04-03,Torsdag,14,4,2,Vår,VT,,False,False,True,2025,11.0,41.0
2025-04-04,Fredag,14,4,2,Vår,VT,,False,False,True,2025,10.0,42.0
2025-04-05,Lördag,14,4,2,Vår,VT,,False,True,False,2025,9.0,43.0
2025-04-06,Söndag,14,4,2,Vår,VT,,False,True,False,2025,8.0,44.0
2025-04-07,Måndag,15,4,2,Vår,VT,,False,False,True,2025,7.0,45.0
2025-04-08,Tisdag,15,4,2,Vår,VT,,False,False,True,2025,6.0,46.0
2025-04-09,Onsdag,15,4,2,Vår,VT,,False,False,True,2025,5.0,47.0
2025-04-10,Torsdag,15,4,2,Vår,VT,,False,False,True,2025,4.0,48.0
2025-04-11,Fredag,15,4,2,Vår,VT,,False,False,True,2025,3.0,49.0
2025-04-12,Lördag,15,4,2,Vår,VT,,False,True,False,2025,2.0,50.0
2025-04-13,Söndag,15,4,2,Vår,VT,,False,True,False,2025,1.0,51.0
2025-04-14,Måndag,16,4,2,Vår,VT,Påsklov,False,False,False,2025,1.0,52.0
2025-04-15,Tisdag,16,4,2,Vår,VT,Påsklov,False,False,False,2025,1.0,1.0
2025-04-16,Onsdag,16,4,2,Vår,VT,Påsklov,False,False,False,2025,1.0,1.0
2025-04-17,Torsdag,16,4,2,Vår,VT,Påsklov,False,False,False,2025,1.0,1.0
2025-04-18,Fredag,16,4,2,Vår,VT,Påsklov,True,False,False,2025,1.0,1.0
2025-04-19,Lördag,16,4,2,Vår,VT,Påsklov,True,True,False,2025,1.0,1.0
2025-04-20,Söndag,16,4,2,Vår,VT,Påsklov,True,True,False,2025,1.0,1.0
2025-04-21,Måndag,17,4,2,Vår,VT,Påsklov,True,False,False,2025,1.0,1.0
2025-04-22,Tisdag,17,4,2,Vår,VT,Påsklov,False,False,False,2025,52.0,1.0
2025-04-23,Onsdag,17,4,2,Vår,VT,,False,False,True,2025,51.0,1.0
2025-04-24,Torsdag,17,4,2,Vår,VT,,False,False,True,2025,50.0,2.0
2025-04-25,Fredag,17,4,2,Vår,VT,,False,False,True,2025,49.0,3.0
2025-04-26,Lördag,17,4,2,Vår,VT,,False,True,False,2025,48.0,4.0
2025-04-27,Söndag,17,4,2,Vår,VT,,False,True,False,2025,47.0,5.0
2025-04-28,Måndag,18,4,2,Vår,VT,,False,False,True,2025,46.0,6.0
2025-04-29,Tisdag,18,4,2,Vår,VT,,False,False,True,2025,45.0,7.0
2025-04-30,Onsdag,18,4,2,Vår,VT,,False,False,True,2025,44.0,8.0
2025-05-01,Torsdag,18,5,2,Vår,VT,,True,False,False,2025,43.0,9.0
2025-05-02,Fredag,18,5,2,Vår,VT,,False,False,True,2025,42.0,10.0
2025-05-03,Lördag,18,5,2,Vår,VT,,False,True,False,2025,41.0,11.0
2025-05-04,Söndag,18,5,2,Vår,VT,,False,True,False,2025,40.0,12.0
2025-05-05,Måndag,19,5,2,Vår,VT,,False,False,True,2025,39.0,13.0
2025-05-06,Tisdag,19,5,2,Vår,VT,,False,False,True,2025,38.0,14.0
2025-05-07,Onsdag,19,5,2,Vår,VT,,False,False,True,2025,37.0,15.0
2025-05-08,Torsdag,19,5,2,Vår,VT,,False,False,True,2025,36.0,16.0
2025-05-09,Fredag,19,5,2,Vår,VT,,False,False,True,2025,35.0,17.0
2025-05-10,Lördag,19,5,2,Vår,VT,,False,True,False,2025,34.0,18.0
2025-05-11,Söndag,19,5,2,Vår,VT,,False,True,False,2025,33.0,19.0
2025-05-12,Måndag,20,5,2,Vår,VT,,False,False,True,2025,32.0,20.0
2025-05-13,Tisdag,20,5,2,Vår,VT,,False,False,True,2025,31.0,21.0
2025-05-14,Onsdag,20,5,2,Vår,VT,,False,False,True,2025,30.0,22.0
2025-05-15,Torsdag,20,5,2,Vår,VT,,False,False,True,2025,29.0,23.0
2025-05-16,Fredag,20,5,2,Vår,VT,,False,False,True,2025,28.0,24.0
2025-05-17,Lördag,20,5,2,Vår,VT,,False,True,False,2025,27.0,25.0
2025-05-18,Söndag,20,5,2,Vår,VT,,False,True,False,2025,26.0,26.0
2025-05-19,Måndag,21,5,2,Vår,VT,,False,False,True,2025,25.0,27.0
2025-05-20,Tisdag,21,5,2,Vår,VT,,False,False,True,2025,24.0,28.0
2025-05-21,Onsdag,21,5,2,Vår,VT,,False,False,True,2025,23.0,29.0
2025-05-22,Torsdag,21,5,2,Vår,VT,,False,False,True,2025,22.0,30.0
2025-05-23,Fredag,21,5,2,Vår,VT,,False,False,True,2025,21.0,31.0
2025-05-24,Lördag,21,5,2,Vår,VT,,False,True,False,2025,20.0,32.0
2025-05-25,Söndag,21,5,2,Vår,VT,,False,True,False,2025,19.0,33.0
2025-05-26,Måndag,22,5,2,Vår,VT,,False,False,True,2025,18.0,34.0
2025-05-27,Tisdag,22,5,2,Vår,VT,,False,False,True,2025,17.0,35.0
2025-05-28,Onsdag,22,5,2,Vår,VT,,False,False,True,2025,16.0,36.0
2025-05-29,Torsdag,22,5,2,Vår,VT,,True,False,False,2025,15.0,37.0
2025-05-30,Fredag,22,5,2,Vår,VT,,False,False,True,2025,14.0,38.0
2025-05-31,Lördag,22,5,2,Vår,VT,,False,True,False,2025,13.0,39.0
2025-06-01,Söndag,22,6,2,Sommar,VT,,False,True,False,2025,12.0,40.0
2025-06-02,Måndag,23,6,2,Sommar,VT,,False,False,True,2025,11.0,41.0
2025-06-03,Tisdag,23,6,2,Sommar,VT,,False,False,True,2025,10.0,42.0
2025-06-04,Onsdag,23,6,2,Sommar,VT,,False,False,True,2025,9.0,43.0
2025-06-05,Torsdag,23,6,2,Sommar,VT,,False,False,True,2025,8.0,44.0
2025-06-06,Fredag,23,6,2,Sommar,VT,,True,False,False,2025,7.0,45.0
2025-06-07,Lördag,23,6,2,Sommar,VT,,False,True,False,2025,6.0,46.0
2025-06-08,Söndag,23,6,2,Sommar,VT,,True,True,False,2025,5.0,47.0
2025-06-09,Måndag,24,6,2,Sommar,VT,,False,False,True,2025,4.0,48.0
2025-06-10,Tisdag,24,6,2,Sommar,VT,,False,False,True,2025,3.0,49.0
2025-06-11,Onsdag,24,6,2,Sommar,VT,,False,False,True,2025,2.0,50.0
2025-06-12,Torsdag,24,6,2,Sommar,VT,,False,False,True,2025,1.0,51.0
2025-06-13,Fredag,24,6,2,Sommar,VT,Sommarlov,False,False,False,2025,1.0,52.0
2025-06-14,Lördag,24,6,2,Sommar,VT,Sommarlov,False,True,False,2025,1.0,1.0
2025-06-15,Söndag,24,6,2,Sommar,VT,Sommarlov,False,True,False,2025,1.0,1.0
2025-06-16,Måndag,25,6,2,Sommar,VT,Sommarlov,False,False,False,2025,1.0,1.0
2025-06-17,Tisdag,25,6,2,Sommar,VT,Sommarlov,False,False,False,2025,1.0,1.0
2025-06-18,Onsdag,25,6,2,Sommar,VT,Sommarlov,False,False,False,2025,1.0,1.0
2025-06-19,Torsdag,25,6,2,Sommar,VT,Sommarlov,False,False,False,2025,1.0,1.0
2025-06-20,Fredag,25,6,2,Sommar,VT,Sommarlov,True,False,False,2025,1.0,1.0
2025-06-21,Lördag,25,6,2,Sommar,VT,Sommarlov,True,True,False,2025,1.0,1.0
2025-06-22,Söndag,25,6,2,Sommar,VT,Sommarlov,False,True,False,2025,1.0,1.0
2025-06-23,Måndag,26,6,2,Sommar,VT,Sommarlov,False,False,False,2025,1.0,1.0
2025-06-24,Tisdag,26,6,2,Sommar,VT,Sommarlov,False,False,False,2025,1.0,1.0
2025-06-25,Onsdag,26,6,2,Sommar,VT,Sommarlov,False,False,False,2025,1.0,1.0
2025-06-26,Torsdag,26,6,2,Sommar,VT,Sommarlov,False,False,False,2025,1.0,1.0
2025-06-27,Fredag,26,6,2,Sommar,VT,Sommarlov,False,False,False,2025,1.0,1.0
2025-06-28,Lördag,26,6,2,Sommar,VT,Sommarlov,False,True,False,2025,1.0,1.0
2025-06-29,Söndag,26,6,2,Sommar,VT,Sommarlov,False,True,False,2025,1.0,1.0
2025-06-30,Måndag,27,6,2,Sommar,VT,Sommarlov,False,False,False,2025,1.0,1.0
2025-07-01,Tisdag,27,7,3,Sommar,Sommarlov,Sommarlov,False,False,False,2025,1.0,1.0
2025-07-02,Onsdag,27,7,3,Sommar,Sommarlov,Sommarlov,False,False,False,2025,1.0,1.0
2025-07-03,Torsdag,27,7,3,Sommar,Sommarlov,Sommarlov,False,False,False,2025,1.0,1.0
2025-07-04,Fredag,27,7,3,Sommar,Sommarlov,Sommarlov,False,False,False,2025,1.0,1.0
2025-07-05,Lördag,27,7,3,Sommar,Sommarlov,Sommarlov,False,True,False,2025,1.0,1.0
2025-07-06,Söndag,27,7,3,Sommar,Sommarlov,Sommarlov,False,True,False,2025,1.0,1.0
2025-07-07,Måndag,28,7,3,Sommar,Sommarlov,Sommarlov,False,False,False,2025,1.0,1.0
2025-07-08,Tisdag,28,7,3,Sommar,Sommarlov,Sommarlov,False,False,False,2025,1.0,1.0
2025-07-09,Onsdag,28,7,3,Sommar,Sommarlov,Sommarlov,False,False,False,2025,1.0,1.0
2025-07-10,Torsdag,28,7,3,Sommar,Sommarlov,Sommarlov,False,False,False,2025,1.0,1.0
2025-07-11,Fredag,28,7,3,Sommar,Sommarlov,Sommarlov,False,False,False,2025,1.0,1.0
2025-07-12,Lördag,28,7,3,Sommar,Sommarlov,Sommarlov,False,True,False,2025,1.0,1.0
2025-07-13,Söndag,28,7,3,Sommar,Sommarlov,Sommarlov,False,True,False,2025,1.0,1.0
2025-07-14,Måndag,29,7,3,Sommar,Sommarlov,Sommarlov,False,False,False,2025,1.0,1.0
2025-07-15,Tisdag,29,7,3,Sommar,Sommarlov,Sommarlov,False,False,False,2025,1.0,1.0
2025-07-16,Onsdag,29,7,3,Sommar,Sommarlov,Sommarlov,False,False,False,2025,1.0,1.0
2025-07-17,Torsdag,29,7,3,Sommar,Sommarlov,Sommarlov,False,False,False,2025,1.0,1.0
2025-07-18,Fredag,29,7,3,Sommar,Sommarlov,Sommarlov,False,False,False,2025,1.0,1.0
2025-07-19,Lördag,29,7,3,Sommar,Sommarlov,Sommarlov,False,True,False,2025,1.0,1.0
2025-07-20,Söndag,29,7,3,Sommar,Sommarlov,Sommarlov,False,True,False,2025,1.0,1.0
2025-07-21,Måndag,30,7,3,Sommar,Sommarlov,Sommarlov,False,False,False,2025,1.0,1.0
2025-07-22,Tisdag,30,7,3,Sommar,Sommarlov,Sommarlov,False,False,False,2025,1.0,1.0
2025-07-23,Onsdag,30,7,3,Sommar,Sommarlov,Sommarlov,False,False,False,2025,1.0,1.0
2025-07-24,Torsdag,30,7,3,Sommar,Sommarlov,Sommarlov,False,False,False,2025,1.0,1.0
2025-07-25,Fredag,30,7,3,Sommar,Sommarlov,Sommarlov,False,False,False,2025,1.0,1.0
2025-07-26,Lördag,30,7,3,Sommar,Sommarlov,Sommarlov,False,True,False,2025,1.0,1.0
2025-07-27,Söndag,30,7,3,Sommar,Sommarlov,Sommarlov,False,True,False,2025,1.0,1.0
2025-07-28,Måndag,31,7,3,Sommar,Sommarlov,Sommarlov,False,False,False,2025,1.0,1.0
2025-07-29,Tisdag,31,7,3,Sommar,Sommarlov,Sommarlov,False,False,False,2025,1.0,1.0
2025-07-30,Onsdag,31,7,3,Sommar,Sommarlov,Sommarlov,False,False,False,2025,1.0,1.0
2025-07-31,Torsdag,31,7,3,Sommar,Sommarlov,Sommarlov,False,False,False,2025,1.0,1.0
2025-08-01,Fredag,31,8,3,Sommar,HT,Sommarlov,False,False,False,2025,1.0,1.0
2025-08-02,Lördag,31,8,3,Sommar,HT,Sommarlov,False,True,False,2025,1.0,1.0
2025-08-03,Söndag,31,8,3,Sommar,HT,Sommarlov,False,True,False,2025,1.0,1.0
2025-08-04,Måndag,32,8,3,Sommar,HT,Sommarlov,False,False,False,2025,1.0,1.0
2025-08-05,Tisdag,32,8,3,Sommar,HT,Sommarlov,False,False,False,2025,1.0,1.0
2025-08-06,Onsdag,32,8,3,Sommar,HT,Sommarlov,False,False,False,2025,1.0,1.0
2025-08-07,Torsdag,32,8,3,Sommar,HT,Sommarlov,False,False,False,2025,1.0,1.0
2025-08-08,Fredag,32,8,3,Sommar,HT,Sommarlov,False,False,False,2025,1.0,1.0
2025-08-09,Lördag,32,8,3,Sommar,HT,Sommarlov,False,True,False,2025,1.0,1.0
2025-08-10,Söndag,32,8,3,Sommar,HT,Sommarlov,False,True,False,2025,1.0,1.0
2025-08-11,Måndag,33,8,3,Sommar,HT,Sommarlov,False,False,False,2025,1.0,1.0
2025-08-12,Tisdag,33,8,3,Sommar,HT,Sommarlov,False,False,False,2025,1.0,1.0
2025-08-13,Onsdag,33,8,3,Sommar,HT,Sommarlov,False,False,False,2025,1.0,1.0
2025-08-14,Torsdag,33,8,3,Sommar,HT,Sommarlov,False,False,False,2025,1.0,1.0
2025-08-15,Fredag,33,8,3,Sommar,HT,Sommarlov,False,False,False,2025,1.0,1.0
2025-08-16,Lördag,33,8,3,Sommar,HT,Sommarlov,False,True,False,2025,1.0,1.0
2025-08-17,Söndag,33,8,3,Sommar,HT,Sommarlov,False,True,False,2025,,1.0
2025-08-18,Måndag,34,8,3,Sommar,HT,,False,False,True,2025,,1.0
2025-08-19,Tisdag,34,8,3,Sommar,HT,,False,False,True,2025,,2.0
2025-08-20,Onsdag,34,8,3,Sommar,HT,,False,False,True,2025,,3.0
2025-08-21,Torsdag,34,8,3,Sommar,HT,,False,False,True,2025,,4.0
2025-08-22,Fredag,34,8,3,Sommar,HT,,False,False,True,2025,,5.0
2025-08-23,Lördag,34,8,3,Sommar,HT,,False,True,False,2025,,6.0
2025-08-24,Söndag,34,8,3,Sommar,HT,,False,True,False,2025,,7.0
2025-08-25,Måndag,35,8,3,Sommar,HT,,False,False,True,2025,,8.0
2025-08-26,Tisdag,35,8,3,Sommar,HT,,False,False,True,2025,,9.0
2025-08-27,Onsdag,35,8,3,Sommar,HT,,False,False,True,2025,,10.0
2025-08-28,Torsdag,35,8,3,Sommar,HT,,False,False,True,2025,,11.0
2025-08-29,Fredag,35,8,3,Sommar,HT,,False,False,True,2025,59.0,12.0
2025-08-30,Lördag,35,8,3,Sommar,HT,,False,True,False,2025,58.0,13.0
2025-08-31,Söndag,35,8,3,Sommar,HT,,False,True,False,2025,57.0,14.0
2025-09-01,Måndag,36,9,3,Höst,HT,,False,False,True,2025,56.0,15.0
2025-09-02,Tisdag,36,9,3,Höst,HT,,False,False,True,2025,55.0,16.0
2025-09-03,Onsdag,36,9,3,Höst,HT,,False,False,True,2025,54.0,17.0
2025-09-04,Torsdag,36,9,3,Höst,HT,,False,False,True,2025,53.0,18.0
2025-09-05,Fredag,36,9,3,Höst,HT,,False,False,True,2025,52.0,19.0
2025-09-06,Lördag,36,9,3,Höst,HT,,False,True,False,2025,51.0,20.0
2025-09-07,Söndag,36,9,3,Höst,HT,,False,True,False,2025,50.0,21.0
2025-09-08,Måndag,37,9,3,Höst,HT,,False,False,True,2025,49.0,22.0
2025-09-09,Tisdag,37,9,3,Höst,HT,,False,False,True,2025,48.0,23.0
2025-09-10,Onsdag,37,9,3,Höst,HT,,False,False,True,2025,47.0,24.0
2025-09-11,Torsdag,37,9,3,Höst,HT,,False,False,True,2025,46.0,25.0
2025-09-12,Fredag,37,9,3,Höst,HT,,False,False,True,2025,45.0,26.0
2025-09-13,Lördag,37,9,3,Höst,HT,,False,True,False,2025,44.0,27.0
2025-09-14,Söndag,37,9,3,Höst,HT,,False,True,False,2025,43.0,28.0
2025-09-15,Måndag,38,9,3,Höst,HT,,False,False,True,2025,42.0,29.0
2025-09-16,Tisdag,38,9,3,Höst,HT,,False,False,True,2025,41.0,30.0
2025-09-17,Onsdag,38,9,3,Höst,HT,,False,False,True,2025,40.0,31.0
2025-09-18,Torsdag,38,9,3,Höst,HT,,False,False,True,2025,39.0,32.0
2025-09-19,Fredag,38,9,3,Höst,HT,,False,False,True,2025,38.0,33.0
2025-09-20,Lördag,38,9,3,Höst,HT,,False,True,False,2025,37.0,34.0
2025-09-21,Söndag,38,9,3,Höst,HT,,False,True,False,2025,36.0,35.0
2025-09-22,Måndag,39,9,3,Höst,HT,,False,False,True,2025,35.0,36.0
2025-09-23,Tisdag,39,9,3,Höst,HT,,False,False,True,2025,34.0,37.0
2025-09-24,Onsdag,39,9,3,Höst,HT,,False,False,True,2025,33.0,38.0
2025-09-25,Torsdag,39,9,3,Höst,HT,,False,False,True,2025,32.0,39.0
2025-09-26,Fredag,39,9,3,Höst,HT,,False,False,True,2025,31.0,40.0
2025-09-27,Lördag,39,9,3,Höst,HT,,False,True,False,2025,30.0,41.0
2025-09-28,Söndag,39,9,3,Höst,HT,,False,True,False,2025,29.0,42.0
2025-09-29,Måndag,40,9,3,Höst,HT,,False,False,True,2025,28.0,43.0
2025-09-30,Tisdag,40,9,3,Höst,HT,,False,False,True,2025,27.0,44.0
2025-10-01,Onsdag,40,10,4,Höst,HT,,False,False,True,2025,26.0,45.0
2025-10-02,Torsdag,40,10,4,Höst,HT,,False,False,True,2025,25.0,46.0
2025-10-03,Fredag,40,10,4,Höst,HT,,False,False,True,2025,24.0,47.0
2025-10-04,Lördag,40,10,4,Höst,HT,,False,True,False,2025,23.0,48.0
2025-10-05,Söndag,40,10,4,Höst,HT,,False,True,False,2025,22.0,49.0
2025-10-06,Måndag,41,10,4,Höst,HT,,False,False,True,2025,21.0,50.0
2025-10-07,Tisdag,41,10,4,Höst,HT,,False,False,True,2025,20.0,51.0
2025-10-08,Onsdag,41,10,4,Höst,HT,,False,False,True,2025,19.0,52.0
2025-10-09,Torsdag,41,10,4,Höst,HT,,False,False,True,2025,18.0,53.0
2025-10-10,Fredag,41,10,4,Höst,HT,,False,False,True,2025,17.0,54.0
2025-10-11,Lördag,41,10,4,Höst,HT,,False,True,False,2025,16.0,55.0
2025-10-12,Söndag,41,10,4,Höst,HT,,False,True,False,2025,15.0,56.0
2025-10-13,Måndag,42,10,4,Höst,HT,,False,False,True,2025,14.0,57.0
2025-10-14,Tisdag,42,10,4,Höst,HT,,False,False,True,2025,13.0,58.0
2025-10-15,Onsdag,42,10,4,Höst,HT,,False,False,True,2025,12.0,59.0
2025-10-16,Torsdag,42,10,4,Höst,HT,,False,False,True,2025,11.0,
2025-10-17,Fredag,42,10,4,Höst,HT,,False,False,True,2025,10.0,
2025-10-18,Lördag,42,10,4,Höst,HT,,False,True,False,2025,9.0,
2025-10-19,Söndag,42,10,4,Höst,HT,,False,True,False,2025,8.0,
2025-10-20,Måndag,43,10,4,Höst,HT,,False,False,True,2025,7.0,
2025-10-21,Tisdag,43,10,4,Höst,HT,,False,False,True,2025,6.0,
2025-10-22,Onsdag,43,10,4,Höst,HT,,False,False,True,2025,5.0,
2025-10-23,Torsdag,43,10,4,Höst,HT,,False,False,True,2025,4.0,
2025-10-24,Fredag,43,10,4,Höst,HT,,False,False,True,2025,3.0,
2025-10-25,Lördag,43,10,4,Höst,HT,,False,True,False,2025,2.0,
2025-10-26,Söndag,43,10,4,Höst,HT,,False,True,False,2025,1.0,
2025-10-27,Måndag,44,10,4,Höst,HT,Höstlov,False,False,False,2025,1.0,
2025-10-28,Tisdag,44,10,4,Höst,HT,Höstlov,False,False,False,2025,1.0,1.0
2025-10-29,Onsdag,44,10,4,Höst,HT,Höstlov,False,False,False,2025,1.0,1.0
2025-10-30,Torsdag,44,10,4,Höst,HT,Höstlov,False,False,False,2025,1.0,1.0
2025-10-31,Fredag,44,10,4,Höst,HT,Höstlov,False,False,False,2025,50.0,1.0
2025-11-01,Lördag,44,11,4,Höst,HT,,True,True,False,2025,49.0,1.0
2025-11-02,Söndag,44,11,4,Höst,HT,,False,True,False,2025,48.0,2.0
2025-11-03,Måndag,45,11,4,Höst,HT,,False,False,True,2025,47.0,3.0
2025-11-04,Tisdag,45,11,4,Höst,HT,,False,False,True,2025,46.0,4.0
2025-11-05,Onsdag,45,11,4,Höst,HT,,False,False,True,2025,45.0,5.0
2025-11-06,Torsdag,45,11,4,Höst,HT,,False,False,True,2025,44.0,6.0
2025-11-07,Fredag,45,11,4,Höst,HT,,False,False,True,2025,43.0,7.0
2025-11-08,Lördag,45,11,4,Höst,HT,,False,True,False,2025,42.0,8.0
2025-11-09,Söndag,45,11,4,Höst,HT,,False,True,False,2025,41.0,9.0
2025-11-10,Måndag,46,11,4,Höst,HT,,False,False,True,2025,40.0,10.0
2025-11-11,Tisdag,46,11,4,Höst,HT,,False,False,True,2025,39.0,11.0
2025-11-12,Onsdag,46,11,4,Höst,HT,,False,False,True,2025,38.0,12.0
2025-11-13,Torsdag,46,11,4,Höst,HT,,False,False,True,2025,37.0,13.0
2025-11-14,Fredag,46,11,4,Höst,HT,,False,False,True,2025,36.0,14.0
2025-11-15,Lördag,46,11,4,Höst,HT,,False,True,False,2025,35.0,15.0
2025-11-16,Söndag,46,11,4,Höst,HT,,False,True,False,2025,34.0,16.0
2025-11-17,Måndag,47,11,4,Höst,HT,,False,False,True,2025,33.0,17.0
2025-11-18,Tisdag,47,11,4,Höst,HT,,False,False,True,2025,32.0,18.0
2025-11-19,Onsdag,47,11,4,Höst,HT,,False,False,True,2025,31.0,19.0
2025-11-20,Torsdag,47,11,4,Höst,HT,,False,False,True,2025,30.0,20.0
2025-11-21,Fredag,47,11,4,Höst,HT,,False,False,True,2025,29.0,21.0
2025-11-22,Lördag,47,11,4,Höst,HT,,False,True,False,2025,28.0,22.0
2025-11-23,Söndag,47,11,4,Höst,HT,,False,True,False,2025,27.0,23.0
2025-11-24,Måndag,48,11,4,Höst,HT,,False,False,True,2025,26.0,24.0
2025-11-25,Tisdag,48,11,4,Höst,HT,,False,False,True,2025,25.0,25.0
2025-11-26,Onsdag,48,11,4,Höst,HT,,False,False,True,2025,24.0,26.0
2025-11-27,Torsdag,48,11,4,Höst,HT,,False,False,True,2025,23.0,27.0
2025-11-28,Fredag,48,11,4,Höst,HT,,False,False,True,2025,22.0,28.0
2025-11-29,Lördag,48,11,4,Höst,HT,,False,True,False,2025,21.0,29.0
2025-11-30,Söndag,48,11,4,Höst,HT,,False,True,False,2025,20.0,30.0
2025-12-01,Måndag,49,12,4,Vinter,HT,,False,False,True,2025,19.0,31.0
2025-12-02,Tisdag,49,12,4,Vinter,HT,,False,False,True,2025,18.0,32.0
2025-12-03,Onsdag,49,12,4,Vinter,HT,,False,False,True,2025,17.0,33.0
2025-12-04,Torsdag,49,12,4,Vinter,HT,,False,False,True,2025,16.0,34.0
2025-12-05,Fredag,49,12,4,Vinter,HT,,False,False,True,2025,15.0,35.0
2025-12-06,Lördag,49,12,4,Vinter,HT,,False,True,False,2025,14.0,36.0
2025-12-07,Söndag,49,12,4,Vinter,HT,,False,True,False,2025,13.0,37.0
2025-12-08,Måndag,50,12,4,Vinter,HT,,False,False,True,2025,12.0,38.0
2025-12-09,Tisdag,50,12,4,Vinter,HT,,False,False,True,2025,11.0,39.0
2025-12-10,Onsdag,50,12,4,Vinter,HT,,False,False,True,2025,10.0,40.0
2025-12-11,Torsdag,50,12,4,Vinter,HT,,False,False,True,2025,9.0,41.0
2025-12-12,Fredag,50,12,4,Vinter,HT,,False,False,True,2025,8.0,42.0
2025-12-13,Lördag,50,12,4,Vinter,HT,,False,True,False,2025,7.0,43.0
2025-12-14,Söndag,50,12,4,Vinter,HT,,False,True,False,2025,6.0,44.0
2025-12-15,Måndag,51,12,4,Vinter,HT,,False,False,True,2025,5.0,45.0
2025-12-16,Tisdag,51,12,4,Vinter,HT,,False,False,True,2025,4.0,46.0
2025-12-17,Onsdag,51,12,4,Vinter,HT,,False,False,True,2025,3.0,47.0
2025-12-18,Torsdag,51,12,4,Vinter,HT,,False,False,True,2025,2.0,48.0
2025-12-19,Fredag,51,12,4,Vinter,HT,,False,False,True,2025,1.0,49.0
2025-12-20,Lördag,51,12,4,Vinter,HT,Jullov,False,True,False,2025,1.0,50.0
2025-12-21,Söndag,51,12,4,Vinter,HT,Jullov,False,True,False,2025,1.0,1.0
2025-12-22,Måndag,52,12,4,Vinter,HT,Jullov,False,False,False,2025,1.0,1.0
2025-12-23,Tisdag,52,12,4,Vinter,HT,Jullov,False,False,False,2025,1.0,1.0
2025-12-24,Onsdag,52,12,4,Vinter,HT,Jullov,True,False,False,2025,1.0,1.0
2025-12-25,Torsdag,52,12,4,Vinter,HT,Jullov,True,False,False,2025,1.0,1.0
2025-12-26,Fredag,52,12,4,Vinter,HT,Jullov,True,False,False,2025,1.0,1.0
2025-12-27,Lördag,52,12,4,Vinter,HT,Jullov,False,True,False,2025,1.0,1.0
2025-12-28,Söndag,52,12,4,Vinter,HT,Jullov,False,True,False,2025,1.0,1.0
2025-12-29,Måndag,1,12,4,Vinter,HT,Jullov,False,False,False,2025,1.0,1.0
2025-12-30,Tisdag,1,12,4,Vinter,HT,Jullov,False,False,False,2025,1.0,1.0
2025-12-31,Onsdag,1,12,4,Vinter,HT,Jullov,True,False,False,2025,1.0,1.0
2026-01-01,Torsdag,1,1,1,Vinter,VT,Jullov,False,False,False,2026,1.0,1.0
2026-01-02,Fredag,1,1,1,Vinter,VT,Jullov,False,False,False,2026,1.0,1.0
2026-01-03,Lördag,1,1,1,Vinter,VT,Jullov,False,True,False,2026,1.0,1.0
2026-01-04,Söndag,1,1,1,Vinter,VT,Jullov,False,True,False,2026,1.0,1.0
2026-01-05,Måndag,2,1,1,Vinter,VT,Jullov,False,False,False,2026,1.0,1.0
2026-01-06,Tisdag,2,1,1,Vinter,VT,Jullov,False,False,False,2026,,1.0
2026-01-07,Onsdag,2,1,1,Vinter,VT,,False,False,True,2026,,1.0
2026-01-08,Torsdag,2,1,1,Vinter,VT,,False,False,True,2026,,2.0
2026-01-09,Fredag,2,1,1,Vinter,VT,,False,False,True,2026,,3.0
2026-01-10,Lördag,2,1,1,Vinter,VT,,False,True,False,2026,,4.0
2026-01-11,Söndag,2,1,1,Vinter,VT,,False,True,False,2026,,5.0
2026-01-12,Måndag,3,1,1,Vinter,VT,,False,False,True,2026,,6.0
2026-01-13,Tisdag,3,1,1,Vinter,VT,,False,False,True,2026,,7.0
2026-01-14,Onsdag,3,1,1,Vinter,VT,,False,False,True,2026,,8.0
2026-01-15,Torsdag,3,1,1,Vinter,VT,,False,False,True,2026,,9.0
2026-01-16,Fredag,3,1,1,Vinter,VT,,False,False,True,2026,,10.0
2026-01-17,Lördag,3,1,1,Vinter,VT,,False,True,False,2026,,11.0
2026-01-18,Söndag,3,1,1,Vinter,VT,,False,True,False,2026,,12.0
2026-01-19,Måndag,4,1,1,Vinter,VT,,False,False,True,2026,,13.0
2026-01-20,Tisdag,4,1,1,Vinter,VT,,False,False,True,2026,,14.0
2026-01-21,Onsdag,4,1,1,Vinter,VT,,False,False,True,2026,,15.0
2026-01-22,Torsdag,4,1,1,Vinter,VT,,False,False,True,2026,,16.0
2026-01-23,Fredag,4,1,1,Vinter,VT,,False,False,True,2026,,17.0
2026-01-24,Lördag,4,1,1,Vinter,VT,,False,True,False,2026,,18.0
2026-01-25,Söndag,4,1,1,Vinter,VT,,False,True,False,2026,,19.0
2026-01-26,Måndag,5,1,1,Vinter,VT,,False,False,True,2026,,20.0
2026-01-27,Tisdag,5,1,1,Vinter,VT,,False,False,True,2026,,21.0
2026-01-28,Onsdag,5,1,1,Vinter,VT,,False,False,True,2026,,22.0
2026-01-29,Torsdag,5,1,1,Vinter,VT,,False,False,True,2026,,23.0
2026-01-30,Fredag,5,1,1,Vinter,VT,,False,False,True,2026,,24.0
2026-01-31,Lördag,5,1,1,Vinter,VT,,False,True,False,2026,,25.0
2026-02-01,Söndag,5,2,1,Vinter,VT,,False,True,False,2026,,26.0
2026-02-02,Måndag,6,2,1,Vinter,VT,,False,False,True,2026,,27.0
2026-02-03,Tisdag,6,2,1,Vinter,VT,,False,False,True,2026,,28.0
2026-02-04,Onsdag,6,2,1,Vinter,VT,,False,False,True,2026,,29.0
2026-02-05,Torsdag,6,2,1,Vinter,VT,,False,False,True,2026,,30.0
2026-02-06,Fredag,6,2,1,Vinter,VT,,False,False,True,2026,,31.0
2026-02-07,Lördag,6,2,1,Vinter,VT,,False,True,False,2026,,32.0
2026-02-08,Söndag,6,2,1,Vinter,VT,,False,True,False,2026,,33.0
2026-02-09,Måndag,7,2,1,Vinter,VT,,False,False,True,2026,,34.0
2026-02-10,Tisdag,7,2,1,Vinter,VT,,False,False,True,2026,,35.0
2026-02-11,Onsdag,7,2,1,Vinter,VT,,False,False,True,2026,,36.0
2026-02-12,Torsdag,7,2,1,Vinter,VT,,False,False,True,2026,,37.0
2026-02-13,Fredag,7,2,1,Vinter,VT,,False,False,True,2026,,38.0
2026-02-14,Lördag,7,2,1,Vinter,VT,,False,True,False,2026,,39.0
2026-02-15,Söndag,7,2,1,Vinter,VT,,False,True,False,2026,,40.0
2026-02-16,Måndag,8,2,1,Vinter,VT,,False,False,True,2026,,41.0
2026-02-17,Tisdag,8,2,1,Vinter,VT,,False,False,True,2026,,42.0
2026-02-18,Onsdag,8,2,1,Vinter,VT,,False,False,True,2026,,43.0
2026-02-19,Torsdag,8,2,1,Vinter,VT,,False,False,True,2026,,44.0
2026-02-20,Fredag,8,2,1,Vinter,VT,,False,False,True,2026,,45.0
2026-02-21,Lördag,8,2,1,Vinter,VT,,False,True,False,2026,,46.0
2026-02-22,Söndag,8,2,1,Vinter,VT,,False,True,False,2026,,47.0
2026-02-23,Måndag,9,2,1,Vinter,VT,,False,False,True,2026,,48.0
2026-02-24,Tisdag,9,2,1,Vinter,VT,,False,False,True,2026,,49.0
2026-02-25,Onsdag,9,2,1,Vinter,VT,,False,False,True,2026,,50.0
2026-02-26,Torsdag,9,2,1,Vinter,VT,,False,False,True,2026,,51.0
2026-02-27,Fredag,9,2,1,Vinter,VT,,False,False,True,2026,,52.0
2026-02-28,Lördag,9,2,1,Vinter,VT,,False,True,False,2026,,53.0
2026-03-01,Söndag,9,3,1,Vår,VT,,False,True,False,2026,,54.0
2026-03-02,Måndag,10,3,1,Vår,VT,,False,False,True,2026,,55.0
2026-03-03,Tisdag,10,3,1,Vår,VT,,False,False,True,2026,,56.0
2026-03-04,Onsdag,10,3,1,Vår,VT,,False,False,True,2026,,57.0
2026-03-05,Torsdag,10,3,1,Vår,VT,,False,False,True,2026,,58.0
2026-03-06,Fredag,10,3,1,Vår,VT,,False,False,True,2026,,59.0
2026-03-07,Lördag,10,3,1,Vår,VT,,False,True,False,2026,,
2026-03-08,Söndag,10,3,1,Vår,VT,,False,True,False,2026,,
2026-03-09,Måndag,11,3,1,Vår,VT,,False,False,True,2026,,
2026-03-10,Tisdag,11,3,1,Vår,VT,,False,False,True,2026,,
2026-03-11,Onsdag,11,3,1,Vår,VT,,False,False,True,2026,,
2026-03-12,Torsdag,11,3,1,Vår,VT,,False,False,True,2026,,
2026-03-13,Fredag,11,3,1,Vår,VT,,False,False,True,2026,,
2026-03-14,Lördag,11,3,1,Vår,VT,,False,True,False,2026,,
2026-03-15,Söndag,11,3,1,Vår,VT,,False,True,False,2026,,
2026-03-16,Måndag,12,3,1,Vår,VT,,False,False,True,2026,,
2026-03-17,Tisdag,12,3,1,Vår,VT,,False,False,True,2026,,
2026-03-18,Onsdag,12,3,1,Vår,VT,,False,False,True,2026,,
2026-03-19,Torsdag,12,3,1,Vår,VT,,False,False,True,2026,,
2026-03-20,Fredag,12,3,1,Vår,VT,,False,False,True,2026,,
2026-03-21,Lördag,12,3,1,Vår,VT,,False,True,False,2026,,
2026-03-22,Söndag,12,3,1,Vår,VT,,False,True,False,2026,,
2026-03-23,Måndag,13,3,1,Vår,VT,,False,False,True,2026,,
2026-03-24,Tisdag,13,3,1,Vår,VT,,False,False,True,2026,,
2026-03-25,Onsdag,13,3,1,Vår,VT,,False,False,True,2026,,
2026-03-26,Torsdag,13,3,1,Vår,VT,,False,False,True,2026,,
2026-03-27,Fredag,13,3,1,Vår,VT,,False,False,True,2026,,
2026-03-28,Lördag,13,3,1,Vår,VT,,False,True,False,2026,,
2026-03-29,Söndag,13,3,1,Vår,VT,,False,True,False,2026,,
2026-03-30,Måndag,14,3,1,Vår,VT,,False,False,True,2026,,
2026-03-31,Tisdag,14,3,1,Vår,VT,,False,False,True,2026,,
2026-04-01,Onsdag,14,4,2,Vår,VT,,False,False,True,2026,,
2026-04-02,Torsdag,14,4,2,Vår,VT,,False,False,True,2026,,
2026-04-03,Fredag,14,4,2,Vår,VT,,False,False,True,2026,,
2026-04-04,Lördag,14,4,2,Vår,VT,,False,True,False,2026,,
2026-04-05,Söndag,14,4,2,Vår,VT,,False,True,False,2026,,
2026-04-06,Måndag,15,4,2,Vår,VT,,False,False,True,2026,,
2026-04-07,Tisdag,15,4,2,Vår,VT,,False,False,True,2026,,
2026-04-08,Onsdag,15,4,2,Vår,VT,,False,False,True,2026,,
2026-04-09,Torsdag,15,4,2,Vår,VT,,False,False,True,2026,,
2026-04-10,Fredag,15,4,2,Vår,VT,,False,False,True,2026,,
2026-04-11,Lördag,15,4,2,Vår,VT,,False,True,False,2026,,
2026-04-12,Söndag,15,4,2,Vår,VT,,False,True,False,2026,,
2026-04-13,Måndag,16,4,2,Vår,VT,,False,False,True,2026,,
2026-04-14,Tisdag,16,4,2,Vår,VT,,False,False,True,2026,,
2026-04-15,Onsdag,16,4,2,Vår,VT,,False,False,True,2026,,
2026-04-16,Torsdag,16,4,2,Vår,VT,,False,False,True,2026,,
2026-04-17,Fredag,16,4,2,Vår,VT,,False,False,True,2026,,
2026-04-18,Lördag,16,4,2,Vår,VT,,False,True,False,2026,,
2026-04-19,Söndag,16,4,2,Vår,VT,,False,True,False,2026,,
2026-04-20,Måndag,17,4,2,Vår,VT,,False,False,True,2026,,
2026-04-21,Tisdag,17,4,2,Vår,VT,,False,False,True,2026,,
2026-04-22,Onsdag,17,4,2,Vår,VT,,False,False,True,2026,,
2026-04-23,Torsdag,17,4,2,Vår,VT,,False,False,True,2026,,
2026-04-24,Fredag,17,4,2,Vår,VT,,False,False,True,2026,,
2026-04-25,Lördag,17,4,2,Vår,VT,,False,True,False,2026,,
2026-04-26,Söndag,17,4,2,Vår,VT,,False,True,False,2026,,
2026-04-27,Måndag,18,4,2,Vår,VT,,False,False,True,2026,,
2026-04-28,Tisdag,18,4,2,Vår,VT,,False,False,True,2026,,
2026-04-29,Onsdag,18,4,2,Vår,VT,,False,False,True,2026,,
2026-04-30,Torsdag,18,4,2,Vår,VT,,False,False,True,2026,,
2026-05-01,Fredag,18,5,2,Vår,VT,,False,False,True,2026,,
2026-05-02,Lördag,18,5,2,Vår,VT,,False,True,False,2026,,
2026-05-03,Söndag,18,5,2,Vår,VT,,False,True,False,2026,,
2026-05-04,Måndag,19,5,2,Vår,VT,,False,False,True,2026,,
2026-05-05,Tisdag,19,5,2,Vår,VT,,False,False,True,2026,,
2026-05-06,Onsdag,19,5,2,Vår,VT,,False,False,True,2026,,
2026-05-07,Torsdag,19,5,2,Vår,VT,,False,False,True,2026,,
2026-05-08,Fredag,19,5,2,Vår,VT,,False,False,True,2026,,
2026-05-09,Lördag,19,5,2,Vår,VT,,False,True,False,2026,,
2026-05-10,Söndag,19,5,2,Vår,VT,,False,True,False,2026,,
2026-05-11,Måndag,20,5,2,Vår,VT,,False,False,True,2026,,
2026-05-12,Tisdag,20,5,2,Vår,VT,,False,False,True,2026,,
2026-05-13,Onsdag,20,5,2,Vår,VT,,False,False,True,2026,,
2026-05-14,Torsdag,20,5,2,Vår,VT,,False,False,True,2026,,
2026-05-15,Fredag,20,5,2,Vår,VT,,False,False,True,2026,,
2026-05-16,Lördag,20,5,2,Vår,VT,,False,True,False,2026,,
2026-05-17,Söndag,20,5,2,Vår,VT,,False,True,False,2026,,
2026-05-18,Måndag,21,5,2,Vår,VT,,False,False,True,2026,,
2026-05-19,Tisdag,21,5,2,Vår,VT,,False,False,True,2026,,
2026-05-20,Onsdag,21,5,2,Vår,VT,,False,False,True,2026,,
2026-05-21,Torsdag,21,5,2,Vår,VT,,False,False,True,2026,,
2026-05-22,Fredag,21,5,2,Vår,VT,,False,False,True,2026,,
2026-05-23,Lördag,21,5,2,Vår,VT,,False,True,False,2026,,
2026-05-24,Söndag,21,5,2,Vår,VT,,False,True,False,2026,,
2026-05-25,Måndag,22,5,2,Vår,VT,,False,False,True,2026,,
2026-05-26,Tisdag,22,5,2,Vår,VT,,False,False,True,2026,,
2026-05-27,Onsdag,22,5,2,Vår,VT,,False,False,True,2026,,
2026-05-28,Torsdag,22,5,2,Vår,VT,,False,False,True,2026,,
2026-05-29,Fredag,22,5,2,Vår,VT,,False,False,True,2026,,
2026-05-30,Lördag,22,5,2,Vår,VT,,False,True,False,2026,,
2026-05-31,Söndag,22,5,2,Vår,VT,,False,True,False,2026,,
2026-06-01,Måndag,23,6,2,Sommar,VT,,False,False,True,2026,,
2026-06-02,Tisdag,23,6,2,Sommar,VT,,False,False,True,2026,,
2026-06-03,Onsdag,23,6,2,Sommar,VT,,False,False,True,2026,,
2026-06-04,Torsdag,23,6,2,Sommar,VT,,False,False,True,2026,,
2026-06-05,Fredag,23,6,2,Sommar,VT,,False,False,True,2026,,
2026-06-06,Lördag,23,6,2,Sommar,VT,,False,True,False,2026,,
2026-06-07,Söndag,23,6,2,Sommar,VT,,False,True,False,2026,,
2026-06-08,Måndag,24,6,2,Sommar,VT,,False,False,True,2026,,
2026-06-09,Tisdag,24,6,2,Sommar,VT,,False,False,True,2026,,
2026-06-10,Onsdag,24,6,2,Sommar,VT,,False,False,True,2026,,
2026-06-11,Torsdag,24,6,2,Sommar,VT,,False,False,True,2026,,
2026-06-12,Fredag,24,6,2,Sommar,VT,,False,False,True,2026,,
2026-06-13,Lördag,24,6,2,Sommar,VT,,False,True,False,2026,,
2026-06-14,Söndag,24,6,2,Sommar,VT,,False,True,False,2026,,
2026-06-15,Måndag,25,6,2,Sommar,VT,,False,False,True,2026,,
2026-06-16,Tisdag,25,6,2,Sommar,VT,,False,False,True,2026,,
2026-06-17,Onsdag,25,6,2,Sommar,VT,,False,False,True,2026,,
2026-06-18,Torsdag,25,6,2,Sommar,VT,,False,False,True,2026,,
2026-06-19,Fredag,25,6,2,Sommar,VT,,False,False,True,2026,,
2026-06-20,Lördag,25,6,2,Sommar,VT,,False,True,False,2026,,
2026-06-21,Söndag,25,6,2,Sommar,VT,,False,True,False,2026,,
2026-06-22,Måndag,26,6,2,Sommar,VT,,False,False,True,2026,,
2026-06-23,Tisdag,26,6,2,Sommar,VT,,False,False,True,2026,,
2026-06-24,Onsdag,26,6,2,Sommar,VT,,False,False,True,2026,,
2026-06-25,Torsdag,26,6,2,Sommar,VT,,False,False,True,2026,,
2026-06-26,Fredag,26,6,2,Sommar,VT,,False,False,True,2026,,
2026-06-27,Lördag,26,6,2,Sommar,VT,,False,True,False,2026,,
2026-06-28,Söndag,26,6,2,Sommar,VT,,False,True,False,2026,,
2026-06-29,Måndag,27,6,2,Sommar,VT,,False,False,True,2026,,
2026-06-30,Tisdag,27,6,2,Sommar,VT,,False,False,True,2026,,
2026-07-01,Onsdag,27,7,3,Sommar,Sommarlov,,False,False,True,2026,,
2026-07-02,Torsdag,27,7,3,Sommar,Sommarlov,,False,False,True,2026,,
2026-07-03,Fredag,27,7,3,Sommar,Sommarlov,,False,False,True,2026,,
2026-07-04,Lördag,27,7,3,Sommar,Sommarlov,,False,True,False,2026,,
2026-07-05,Söndag,27,7,3,Sommar,Sommarlov,,False,True,False,2026,,
2026-07-06,Måndag,28,7,3,Sommar,Sommarlov,,False,False,True,2026,,
2026-07-07,Tisdag,28,7,3,Sommar,Sommarlov,,False,False,True,2026,,
2026-07-08,Onsdag,28,7,3,Sommar,Sommarlov,,False,False,True,2026,,
2026-07-09,Torsdag,28,7,3,Sommar,Sommarlov,,False,False,True,2026,,
2026-07-10,Fredag,28,7,3,Sommar,Sommarlov,,False,False,True,2026,,
2026-07-11,Lördag,28,7,3,Sommar,Sommarlov,,False,True,False,2026,,
2026-07-12,Söndag,28,7,3,Sommar,Sommarlov,,False,True,False,2026,,
2026-07-13,Måndag,29,7,3,Sommar,Sommarlov,,False,False,True,2026,,
2026-07-14,Tisdag,29,7,3,Sommar,Sommarlov,,False,False,True,2026,,
2026-07-15,Onsdag,29,7,3,Sommar,Sommarlov,,False,False,True,2026,,
2026-07-16,Torsdag,29,7,3,Sommar,Sommarlov,,False,False,True,2026,,
2026-07-17,Fredag,29,7,3,Sommar,Sommarlov,,False,False,True,2026,,
2026-07-18,Lördag,29,7,3,Sommar,Sommarlov,,False,True,False,2026,,
2026-07-19,Söndag,29,7,3,Sommar,Sommarlov,,False,True,False,2026,,
2026-07-20,Måndag,30,7,3,Sommar,Sommarlov,,False,False,True,2026,,
2026-07-21,Tisdag,30,7,3,Sommar,Sommarlov,,False,False,True,2026,,
2026-07-22,Onsdag,30,7,3,Sommar,Sommarlov,,False,False,True,2026,,
2026-07-23,Torsdag,30,7,3,Sommar,Sommarlov,,False,False,True,2026,,
2026-07-24,Fredag,30,7,3,Sommar,Sommarlov,,False,False,True,2026,,
2026-07-25,Lördag,30,7,3,Sommar,Sommarlov,,False,True,False,2026,,
2026-07-26,Söndag,30,7,3,Sommar,Sommarlov,,False,True,False,2026,,
2026-07-27,Måndag,31,7,3,Sommar,Sommarlov,,False,False,True,2026,,
2026-07-28,Tisdag,31,7,3,Sommar,Sommarlov,,False,False,True,2026,,
2026-07-29,Onsdag,31,7,3,Sommar,Sommarlov,,False,False,True,2026,,
2026-07-30,Torsdag,31,7,3,Sommar,Sommarlov,,False,False,True,2026,,
2026-07-31,Fredag,31,7,3,Sommar,Sommarlov,,False,False,True,2026,,
2026-08-01,Lördag,31,8,3,Sommar,HT,,False,True,False,2026,,
2026-08-02,Söndag,31,8,3,Sommar,HT,,False,True,False,2026,,
2026-08-03,Måndag,32,8,3,Sommar,HT,,False,False,True,2026,,
2026-08-04,Tisdag,32,8,3,Sommar,HT,,False,False,True,2026,,
2026-08-05,Onsdag,32,8,3,Sommar,HT,,False,False,True,2026,,
2026-08-06,Torsdag,32,8,3,Sommar,HT,,False,False,True,2026,,
2026-08-07,Fredag,32,8,3,Sommar,HT,,False,False,True,2026,,
2026-08-08,Lördag,32,8,3,Sommar,HT,,False,True,False,2026,,
2026-08-09,Söndag,32,8,3,Sommar,HT,,False,True,False,2026,,
2026-08-10,Måndag,33,8,3,Sommar,HT,,False,False,True,2026,,
2026-08-11,Tisdag,33,8,3,Sommar,HT,,False,False,True,2026,,
2026-08-12,Onsdag,33,8,3,Sommar,HT,,False,False,True,2026,,
2026-08-13,Torsdag,33,8,3,Sommar,HT,,False,False,True,2026,,
2026-08-14,Fredag,33,8,3,Sommar,HT,,False,False,True,2026,,
2026-08-15,Lördag,33,8,3,Sommar,HT,,False,True,False,2026,,
2026-08-16,Söndag,33,8,3,Sommar,HT,,False,True,False,2026,,
2026-08-17,Måndag,34,8,3,Sommar,HT,,False,False,True,2026,,
2026-08-18,Tisdag,34,8,3,Sommar,HT,,False,False,True,2026,,
2026-08-19,Onsdag,34,8,3,Sommar,HT,,False,False,True,2026,,
2026-08-20,Torsdag,34,8,3,Sommar,HT,,False,False,True,2026,,
2026-08-21,Fredag,34,8,3,Sommar,HT,,False,False,True,2026,,
2026-08-22,Lördag,34,8,3,Sommar,HT,,False,True,False,2026,,
2026-08-23,Söndag,34,8,3,Sommar,HT,,False,True,False,2026,,
2026-08-24,Måndag,35,8,3,Sommar,HT,,False,False,True,2026,,
2026-08-25,Tisdag,35,8,3,Sommar,HT,,False,False,True,2026,,
2026-08-26,Onsdag,35,8,3,Sommar,HT,,False,False,True,2026,,
2026-08-27,Torsdag,35,8,3,Sommar,HT,,False,False,True,2026,,
2026-08-28,Fredag,35,8,3,Sommar,HT,,False,False,True,2026,,
2026-08-29,Lördag,35,8,3,Sommar,HT,,False,True,False,2026,,
2026-08-30,Söndag,35,8,3,Sommar,HT,,False,True,False,2026,,
2026-08-31,Måndag,36,8,3,Sommar,HT,,False,False,True,2026,,
2026-09-01,Tisdag,36,9,3,Höst,HT,,False,False,True,2026,,
2026-09-02,Onsdag,36,9,3,Höst,HT,,False,False,True,2026,,
2026-09-03,Torsdag,36,9,3,Höst,HT,,False,False,True,2026,,
2026-09-04,Fredag,36,9,3,Höst,HT,,False,False,True,2026,,
2026-09-05,Lördag,36,9,3,Höst,HT,,False,True,False,2026,,
2026-09-06,Söndag,36,9,3,Höst,HT,,False,True,False,2026,,
2026-09-07,Måndag,37,9,3,Höst,HT,,False,False,True,2026,,
2026-09-08,Tisdag,37,9,3,Höst,HT,,False,False,True,2026,,
2026-09-09,Onsdag,37,9,3,Höst,HT,,False,False,True,2026,,
2026-09-10,Torsdag,37,9,3,Höst,HT,,False,False,True,2026,,
2026-09-11,Fredag,37,9,3,Höst,HT,,False,False,True,2026,,
2026-09-12,Lördag,37,9,3,Höst,HT,,False,True,False,2026,,
2026-09-13,Söndag,37,9,3,Höst,HT,,False,True,False,2026,,
2026-09-14,Måndag,38,9,3,Höst,HT,,False,False,True,2026,,
2026-09-15,Tisdag,38,9,3,Höst,HT,,False,False,True,2026,,
2026-09-16,Onsdag,38,9,3,Höst,HT,,False,False,True,2026,,
2026-09-17,Torsdag,38,9,3,Höst,HT,,False,False,True,2026,,
2026-09-18,Fredag,38,9,3,Höst,HT,,False,False,True,2026,,
2026-09-19,Lördag,38,9,3,Höst,HT,,False,True,False,2026,,
2026-09-20,Söndag,38,9,3,Höst,HT,,False,True,False,2026,,
2026-09-21,Måndag,39,9,3,Höst,HT,,False,False,True,2026,,
2026-09-22,Tisdag,39,9,3,Höst,HT,,False,False,True,2026,,
2026-09-23,Onsdag,39,9,3,Höst,HT,,False,False,True,2026,,
2026-09-24,Torsdag,39,9,3,Höst,HT,,False,False,True,2026,,
2026-09-25,Fredag,39,9,3,Höst,HT,,False,False,True,2026,,
2026-09-26,Lördag,39,9,3,Höst,HT,,False,True,False,2026,,
2026-09-27,Söndag,39,9,3,Höst,HT,,False,True,False,2026,,
2026-09-28,Måndag,40,9,3,Höst,HT,,False,False,True,2026,,
2026-09-29,Tisdag,40,9,3,Höst,HT,,False,False,True,2026,,
2026-09-30,Onsdag,40,9,3,Höst,HT,,False,False,True,2026,,
2026-10-01,Torsdag,40,10,4,Höst,HT,,False,False,True,2026,,
2026-10-02,Fredag,40,10,4,Höst,HT,,False,False,True,2026,,
2026-10-03,Lördag,40,10,4,Höst,HT,,False,True,False,2026,,
2026-10-04,Söndag,40,10,4,Höst,HT,,False,True,False,2026,,
2026-10-05,Måndag,41,10,4,Höst,HT,,False,False,True,2026,,
2026-10-06,Tisdag,41,10,4,Höst,HT,,False,False,True,2026,,
2026-10-07,Onsdag,41,10,4,Höst,HT,,False,False,True,2026,,
2026-10-08,Torsdag,41,10,4,Höst,HT,,False,False,True,2026,,
2026-10-09,Fredag,41,10,4,Höst,HT,,False,False,True,2026,,
2026-10-10,Lördag,41,10,4,Höst,HT,,False,True,False,2026,,
2026-10-11,Söndag,41,10,4,Höst,HT,,False,True,False,2026,,
2026-10-12,Måndag,42,10,4,Höst,HT,,False,False,True,2026,,
2026-10-13,Tisdag,42,10,4,Höst,HT,,False,False,True,2026,,
2026-10-14,Onsdag,42,10,4,Höst,HT,,False,False,True,2026,,
2026-10-15,Torsdag,42,10,4,Höst,HT,,False,False,True,2026,,
2026-10-16,Fredag,42,10,4,Höst,HT,,False,False,True,2026,,
2026-10-17,Lördag,42,10,4,Höst,HT,,False,True,False,2026,,
2026-10-18,Söndag,42,10,4,Höst,HT,,False,True,False,2026,,
2026-10-19,Måndag,43,10,4,Höst,HT,,False,False,True,2026,,
2026-10-20,Tisdag,43,10,4,Höst,HT,,False,False,True,2026,,
2026-10-21,Onsdag,43,10,4,Höst,HT,,False,False,True,2026,,
2026-10-22,Torsdag,43,10,4,Höst,HT,,False,False,True,2026,,
2026-10-23,Fredag,43,10,4,Höst,HT,,False,False,True,2026,,
2026-10-24,Lördag,43,10,4,Höst,HT,,False,True,False,2026,,
2026-10-25,Söndag,43,10,4,Höst,HT,,False,True,False,2026,,
2026-10-26,Måndag,44,10,4,Höst,HT,,False,False,True,2026,,
2026-10-27,Tisdag,44,10,4,Höst,HT,,False,False,True,2026,,
2026-10-28,Onsdag,44,10,4,Höst,HT,,False,False,True,2026,,
2026-10-29,Torsdag,44,10,4,Höst,HT,,False,False,True,2026,,
2026-10-30,Fredag,44,10,4,Höst,HT,,False,False,True,2026,,
2026-10-31,Lördag,44,10,4,Höst,HT,,False,True,False,2026,,
2026-11-01,Söndag,44,11,4,Höst,HT,,False,True,False,2026,,
2026-11-02,Måndag,45,11,4,Höst,HT,,False,False,True,2026,,
2026-11-03,Tisdag,45,11,4,Höst,HT,,False,False,True,2026,,
2026-11-04,Onsdag,45,11,4,Höst,HT,,False,False,True,2026,,
2026-11-05,Torsdag,45,11,4,Höst,HT,,False,False,True,2026,,
2026-11-06,Fredag,45,11,4,Höst,HT,,False,False,True,2026,,
2026-11-07,Lördag,45,11,4,Höst,HT,,False,True,False,2026,,
2026-11-08,Söndag,45,11,4,Höst,HT,,False,True,False,2026,,
2026-11-09,Måndag,46,11,4,Höst,HT,,False,False,True,2026,,
2026-11-10,Tisdag,46,11,4,Höst,HT,,False,False,True,2026,,
2026-11-11,Onsdag,46,11,4,Höst,HT,,False,False,True,2026,,
2026-11-12,Torsdag,46,11,4,Höst,HT,,False,False,True,2026,,
2026-11-13,Fredag,46,11,4,Höst,HT,,False,False,True,2026,,
2026-11-14,Lördag,46,11,4,Höst,HT,,False,True,False,2026,,
2026-11-15,Söndag,46,11,4,Höst,HT,,False,True,False,2026,,
2026-11-16,Måndag,47,11,4,Höst,HT,,False,False,True,2026,,
2026-11-17,Tisdag,47,11,4,Höst,HT,,False,False,True,2026,,
2026-11-18,Onsdag,47,11,4,Höst,HT,,False,False,True,2026,,
2026-11-19,Torsdag,47,11,4,Höst,HT,,False,False,True,2026,,
2026-11-20,Fredag,47,11,4,Höst,HT,,False,False,True,2026,,
2026-11-21,Lördag,47,11,4,Höst,HT,,False,True,False,2026,,
2026-11-22,Söndag,47,11,4,Höst,HT,,False,True,False,2026,,
2026-11-23,Måndag,48,11,4,Höst,HT,,False,False,True,2026,,
2026-11-24,Tisdag,48,11,4,Höst,HT,,False,False,True,2026,,
2026-11-25,Onsdag,48,11,4,Höst,HT,,False,False,True,2026,,
2026-11-26,Torsdag,48,11,4,Höst,HT,,False,False,True,2026,,
2026-11-27,Fredag,48,11,4,Höst,HT,,False,False,True,2026,,
2026-11-28,Lördag,48,11,4,Höst,HT,,False,True,False,2026,,
2026-11-29,Söndag,48,11,4,Höst,HT,,False,True,False,2026,,
2026-11-30,Måndag,49,11,4,Höst,HT,,False,False,True,2026,,
2026-12-01,Tisdag,49,12,4,Vinter,HT,,False,False,True,2026,,
2026-12-02,Onsdag,49,12,4,Vinter,HT,,False,False,True,2026,,
2026-12-03,Torsdag,49,12,4,Vinter,HT,,False,False,True,2026,,
2026-12-04,Fredag,49,12,4,Vinter,HT,,False,False,True,2026,,
2026-12-05,Lördag,49,12,4,Vinter,HT,,False,True,False,2026,,
2026-12-06,Söndag,49,12,4,Vinter,HT,,False,True,False,2026,,
2026-12-07,Måndag,50,12,4,Vinter,HT,,False,False,True,2026,,
2026-12-08,Tisdag,50,12,4,Vinter,HT,,False,False,True,2026,,
2026-12-09,Onsdag,50,12,4,Vinter,HT,,False,False,True,2026,,
2026-12-10,Torsdag,50,12,4,Vinter,HT,,False,False,True,2026,,
2026-12-11,Fredag,50,12,4,Vinter,HT,,False,False,True,2026,,
2026-12-12,Lördag,50,12,4,Vinter,HT,,False,True,False,2026,,
2026-12-13,Söndag,50,12,4,Vinter,HT,,False,True,False,2026,,
2026-12-14,Måndag,51,12,4,Vinter,HT,,False,False,True,2026,,
2026-12-15,Tisdag,51,12,4,Vinter,HT,,False,False,True,2026,,
2026-12-16,Onsdag,51,12,4,Vinter,HT,,False,False,True,2026,,
2026-12-17,Torsdag,51,12,4,Vinter,HT,,False,False,True,2026,,
2026-12-18,Fredag,51,12,4,Vinter,HT,,False,False,True,2026,,
2026-12-19,Lördag,51,12,4,Vinter,HT,,False,True,False,2026,,
2026-12-20,Söndag,51,12,4,Vinter,HT,,False,True,False,2026,,
2026-12-21,Måndag,52,12,4,Vinter,HT,,False,False,True,2026,,
2026-12-22,Tisdag,52,12,4,Vinter,HT,,False,False,True,2026,,
2026-12-23,Onsdag,52,12,4,Vinter,HT,,False,False,True,2026,,
2026-12-24,Torsdag,52,12,4,Vinter,HT,,False,False,True,2026,,
2026-12-25,Fredag,52,12,4,Vinter,HT,,False,False,True,2026,,
2026-12-26,Lördag,52,12,4,Vinter,HT,,False,True,False,2026,,
2026-12-27,Söndag,52,12,4,Vinter,HT,,False,True,False,2026,,
2026-12-28,Måndag,53,12,4,Vinter,HT,,False,False,True,2026,,
2026-12-29,Tisdag,53,12,4,Vinter,HT,,False,False,True,2026,,
2026-12-30,Onsdag,53,12,4,Vinter,HT,,False,False,True,2026,,
2026-12-31,Torsdag,53,12,4,Vinter,HT,,False,False,True,2026,,
